id,gender,age in 1st year,age at graduation,ethnicity,GPA 1st Year,GPA 2nd Year,GPA 3rd Year,GPA 4th Year,GPA - 5th Year,Job Placement - 3rd Year,Job Placement - 4th Year,Job Placement - 5th Year,Year of Graduation
00323d0b-b292-5d20-8386-9fe1e291b2c9,M,18,21,HISPANIC LATINO AMER,3.34,3.34,3.34,3.34,,,Yes,,4th Year
0032e465-77ff-57fe-ac92-96d90201213f,M,18,21,CAUCASN,3.51,3.31,3.31,3.51,,,,,4th Year
00398cf0-cfc2-5aff-956a-a7c290202b79,M,18,21,CAUCASN,3.66,3.66,3.66,3.66,,,Yes,,4th Year
0226b78f-9016-5408-87f3-7bd9144f6562,F,18,21,HISPANIC LATINO AMER,3.78,3.58,3.58,3.48,,,Yes,,4th Year
023f284c-211e-50eb-a020-77f19b1e201b,F,18,21,ASIAN,3.96,3.85,3.85,3.94,,,,,4th Year
025d43f4-3f92-5eb3-acc8-6a35b42dabc3,F,18,21,AMER-IND,3.56,3.46,3.46,3.56,,,,,4th Year
029126b8-bd99-55b0-80eb-ac456175519e,M,18,21,CAUCASN,3.46,3.36,3.36,3.46,,,Yes,,4th Year
02b0b360-2b44-53e8-8e98-91f6c39502e2,M,18,21,ASIAN,3.17,3.17,3.17,3.17,,,,,4th Year
02b7b8e5-2380-5b3f-b5dc-b5e7a30e2ea7,F,18,21,ASIAN,3.52,3.39,3.39,3.52,,,,,4th Year
034c0079-1c20-514b-8fe7-39f165e2fadc,M,18,21,CAUCASN,3.31,3.31,3.31,3.31,,,,,4th Year
0381ff9a-322e-5fdd-a8c5-1ba4e217fee1,M,18,21,HISPANIC LATINO AMER,2.8,2.78,2.78,3.26,,,,,4th Year
03b2fdc6-7c8d-5047-a459-2c7eb0020d88,M,18,21,CAUCASN,2.77,2.77,2.77,3.06,,,,,4th Year
047b8d7e-8bca-5049-870e-0b98f94635ac,M,18,21,CAUCASN,3.78,3.59,3.59,3.49,,,Yes,,4th Year
04c4fcbd-c635-5028-a117-cb0bcda973c8,M,18,21,ASIAN,3.31,3.31,3.31,3.31,,,,,4th Year
053b9f65-9a39-5840-ba8c-00c2efdc2bf5,M,18,21,HISPANIC LATINO AMER,3.35,3.06,3.16,3.35,,,,,4th Year
061632db-7bf8-50f7-8300-779cb2a088bf,F,18,21,CAUCASN,3.49,3.49,3.49,3.49,,,Yes,,4th Year
06398c85-efbe-5165-b629-259044933d89,M,18,21,ASIAN,2.46,2.59,2.59,3.03,,,,,4th Year
063f6745-816d-53e7-934c-d345917ef209,M,18,21,CAUCASN,2.91,2.91,2.91,3.27,,,Yes,,4th Year
0728a52b-6eaa-5507-98c2-a21c2449039e,M,18,21,HISPANIC LATINO AMER,3.11,3.11,3.01,3.11,,,,,4th Year
073fec7c-9509-5a58-ab41-98df6fb163ef,M,18,21,HISPANIC LATINO AMER,3.57,3.56,3.56,3.57,,,,,4th Year
079b91c2-f6e7-54ec-9474-c72f8d3d0ba0,M,18,21,HISPANIC LATINO AMER,3.35,3.07,3.19,3.35,,,,,4th Year
07fac44a-9907-57cf-878b-a71fa08c9193,M,18,21,CAUCASN,2.66,2.66,2.77,3.04,,,,,4th Year
080264db-f2f3-55cb-b51f-b52e9a78178a,M,18,21,CAUCASN,3,3,3.03,3,,,,,4th Year
08042ff8-986e-5ace-b53e-bd85f48abfdf,M,18,21,CAUCASN,3.18,3.18,2.8,3.18,,,Yes,,4th Year
084e75c9-91a5-5db1-b6ac-1c09f9ad7ebd,M,18,21,CAUCASN,3.31,3.31,3.31,3.31,,,,,4th Year
089cd9be-8c31-5a17-9087-6c63ce8962b7,M,18,21,HISPANIC LATINO AMER,3,3,3.05,3,,,Yes,,4th Year
08a52a72-c702-5ece-960d-472acb6c457f,F,18,21,HISPANIC LATINO AMER,3.52,3.4,3.4,3.52,,,,,4th Year
0983c89e-8d49-5c3c-b365-15b9e3f2de7b,M,18,21,HISPANIC LATINO AMER,3.01,2.88,2.88,3.01,,,,,4th Year
098c2405-d9db-5812-85d7-bcd75ff75614,F,18,21,ASIAN,3,3,3.07,3,,,Yes,,4th Year
09a6973c-b119-547d-ae03-ab316fd50992,F,18,21,AFRO-AM,2.47,2.61,2.55,3.03,,,,,4th Year
0a047792-845b-56eb-817c-86006137ae2c,M,18,21,CAUCASN,2.79,2.68,2.98,3.01,,,,,4th Year
0a31f485-a0bb-5dbd-b742-153e589ced09,M,18,21,CAUCASN,3.53,3.47,3.47,3.53,,,,,4th Year
0a58129e-ccc9-55e7-98ae-da039c40ec5a,M,18,21,CAUCASN,3.41,3.41,3.41,3.41,,,,,4th Year
0a5dc70b-81d2-59da-ae47-8dffe8cc533b,F,18,21,CAUCASN,3.48,3.48,3.48,3.48,,,,,4th Year
0a6e08c4-30c5-5c02-90ff-1c22b17bc805,M,18,21,ASIAN,2.67,2.67,2.91,3.04,,,,,4th Year
0a7e5412-6016-5061-bcca-366e898a5603,M,18,21,CAUCASN,3.58,3.58,3.58,3.58,,,,,4th Year
0ac6b46b-d9d2-5c3a-ab17-f5a99ca73b3b,F,18,21,CAUCASN,2.77,2.77,2.77,3.07,,,Yes,,4th Year
0b467ff6-cf9d-5a45-9971-5f91af2fd387,M,18,21,CAUCASN,3.35,3.08,3.25,3.35,,,,,4th Year
0b537931-fdd4-5d3b-9750-fc0a165994cb,M,18,21,ASIAN,3.09,3.09,3.09,3.09,,,,,4th Year
0b7cc91a-7f3e-5404-80f5-3b77f628e958,M,18,21,HISPANIC LATINO AMER,3.56,3.47,3.47,3.56,,,,,4th Year
0bac631e-a6a0-5dbc-92dd-581af1a38ff0,M,18,21,ASIAN,3.46,3.37,3.37,3.46,,,,,4th Year
0bd8f5a9-2135-54f1-aac7-c8b5e9e2cde9,M,18,21,CAUCASN,3.4,3.4,3.4,3.4,,,Yes,,4th Year
0c0f7031-26c8-5f38-b8c3-69d9acd51862,M,18,21,ASIAN,4,3.89,3.89,3.88,,,,,4th Year
0cb88f4c-eba4-582a-b432-d155457be74e,M,18,21,ASIAN,3.31,3.31,3.31,3.31,,,,,4th Year
0cfe0282-0ad8-5cfc-b568-3881c287de9e,M,18,21,ASIAN,3.42,3.31,3.31,3.42,,,Yes,,4th Year
0d38374c-37eb-520f-a081-07dbb98124ae,F,18,21,HISPANIC LATINO AMER,2.68,2.68,3.02,3.04,,,,,4th Year
0d643f4f-d437-5beb-b670-484221a40bdc,M,18,21,HISPANIC LATINO AMER,2.92,2.92,3.18,3.27,,,Yes,,4th Year
0dbe0e92-e130-5376-bca0-a43143eb9b78,F,18,21,ASIAN,3.59,3.59,3.59,3.59,,,,,4th Year
0e470bc7-8dbe-5543-958e-ffd072a48225,M,18,21,CAUCASN,3.29,3.29,3.29,3.29,,,,,4th Year
0e5e7666-88be-57d0-91ad-e9d6b27e8692,M,18,21,HISPANIC LATINO AMER,3.28,3.28,3.28,3.28,,,,,4th Year
0f4ca101-e2a2-5e96-adf3-2c487caf3e1c,M,18,21,HISPANIC LATINO AMER,3.42,3.32,3.32,3.42,,,,,4th Year
0f7164c2-ad2f-5314-8ea6-0da6dce8c85b,M,18,21,CAUCASN,2.93,2.93,2.93,3.27,,,Yes,,4th Year
0f7d5bb5-172d-5295-a3fa-c81a9bb87167,M,18,21,ASIAN,3.36,3.36,3.36,3.36,,,,,4th Year
0f8451c2-be76-5404-a8cc-01ddfd788d0a,M,18,21,CAUCASN,3.01,2.88,2.88,3.01,,,,,4th Year
10172e54-0ae5-52c4-a39a-68cf39b835fc,M,18,21,HISPANIC LATINO AMER,3.4,3.4,3.4,3.4,,,Yes,,4th Year
10bf1bcb-07f3-5c33-9556-748dad429ccd,M,18,21,ASIAN,3.28,3.28,3.28,3.28,,,,,4th Year
113c4203-e830-5c32-946d-ddddc8eefc5c,F,18,21,HISPANIC LATINO AMER,3,3,3.09,3,,,Yes,,4th Year
114a4b0a-91a3-5e6c-8e68-6f2c80a78da1,M,18,21,CAUCASN,3.06,2.81,3,3.06,,,Yes,,4th Year
11afc059-b665-53d3-ad83-89cf7982cd9e,M,18,21,ASIAN,2.77,2.77,2.77,3.08,,,Yes,,4th Year
11e48052-60e7-5737-9550-9afb5182252d,M,18,21,ASIAN,3.58,3.58,3.58,3.58,,,,,4th Year
121396c7-4539-58b1-ab4c-04c8a4bafbca,M,18,21,ASIAN,2.82,2.82,3,3.05,,,Yes,,4th Year
13893e9a-cd34-5f76-812d-4f6d412c2569,M,18,21,HISPANIC LATINO AMER,3.39,3.18,2.88,3.39,,,,,4th Year
140c153b-ae38-56ef-9fe1-202c6a9d325e,M,18,21,ASIAN,3.2,3.2,3.2,3.2,,,Yes,,4th Year
1448d4f9-257d-5ad4-a006-e2271d981c7b,M,18,21,CAUCASN,3.32,3.32,3.32,3.32,,,Yes,,4th Year
146b2146-1c66-5906-99bc-70aff13368c5,M,18,21,ASIAN,3.28,3.28,3.28,3.28,,,,,4th Year
1495012f-909d-5c93-8f33-bda373b5c6f2,M,18,21,ASIAN,3.01,3.01,3.1,3.13,,,Yes,,4th Year
14a8d412-830a-5b5a-8493-c9fb8ce55ccf,F,18,21,ASIAN,2.79,2.69,2.69,3.01,,,,,4th Year
14ba43b9-6ad0-56ad-a776-2903d217775c,M,18,21,ASIAN,3.64,3.43,3.43,3.64,,,,,4th Year
14d0ac8f-697d-51c1-90c0-f8fbcfc4ec1a,M,18,21,HISPANIC LATINO AMER,2.79,2.76,2.76,3.08,,,Yes,,4th Year
14d14292-c296-5f45-a6ec-71cd661c68f0,M,18,21,CAUCASN,3.5,3.5,3.5,3.5,,,Yes,,4th Year
150b2013-f7c6-5bfd-87c8-bd5815961604,M,18,21,CAUCASN,3.59,3.59,3.59,3.59,,,,,4th Year
167adc31-d6cd-508b-8cb0-c926637d3fee,M,18,21,ASIAN,3,2.8,2.8,3,,,,,4th Year
167dadd3-e7cc-5df5-9068-3fadbd3c6eb1,M,18,21,HISPANIC LATINO AMER,3.26,3.26,3.26,3.25,,,,,4th Year
1694806b-5141-50e0-9f0c-caf5f5d0e6c2,F,18,21,CAUCASN,3.67,3.67,3.67,3.67,,,Yes,,4th Year
16af0048-30ac-5809-94e9-5afa0762f8c2,M,18,21,AMER-IND,3.07,3.07,3.18,3.07,,,Yes,,4th Year
16caf296-b75e-5070-bcae-c9198c2b90cf,F,18,21,ASIAN,2.94,2.94,3,3.27,,,Yes,,4th Year
1774a09a-0e87-5167-94e5-c6703abbaf67,F,18,21,CAUCASN,3.97,3.86,3.86,3.92,,,,,4th Year
17cc2bd8-d295-5fe9-ae92-c15b2f418450,F,18,21,CAUCASN,2.45,2.58,2.71,3.07,,,,,4th Year
18a11fab-6275-5200-8c6b-173b30113699,M,18,21,ASIAN,3.68,3.45,3.45,3.68,,,Yes,,4th Year
18c51b50-9818-5a08-868b-262c0a12afbe,M,18,21,CAUCASN,3.19,3.19,2.9,3.19,,,Yes,,4th Year
19467f90-7209-5896-b9cf-e71f1b45df7f,M,18,21,ASIAN,3.27,3.27,3.27,3.25,,,Yes,,4th Year
19813fca-23ad-5635-865e-37c96c6ada66,M,18,21,ASIAN,3.29,3.29,3.29,3.29,,,,,4th Year
199b2b21-3f63-557b-950f-69392458f018,F,18,21,ASIAN,3.6,3.6,3.6,3.6,,,,,4th Year
19d6a7d4-bcf9-5abf-a83b-a3025cebe4dd,M,18,21,HISPANIC LATINO AMER,3.1,3.1,2.91,3.1,,,,,4th Year
19f36207-cf08-5b61-b771-1cb9041d5773,M,18,21,HISPANIC LATINO AMER,3.19,3.19,2.92,3.19,,,Yes,,4th Year
19ff1bf4-5815-59d5-8c4c-1a42d0023f37,F,18,21,ASIAN,3.3,3.3,3.3,3.3,,,,,4th Year
1a241423-5e77-52f3-8ea3-c7cbfb69a2ed,M,18,21,CAUCASN,3.33,3.33,3.33,3.33,,,,,4th Year
1a9e296c-33a0-5c5b-ad7d-c3961a555d03,M,18,21,ASIAN,3.02,2.63,2.63,3.02,,,,,4th Year
1ad48cf8-6a9f-5b1e-9713-f6cf1d6d3ea2,M,18,21,ASIAN,3.59,3.59,3.59,3.59,,,,,4th Year
1b17e04b-2d77-501b-b912-711f66bc87a5,F,18,21,CAUCASN,3.71,3.55,3.55,3.71,,,Yes,,4th Year
1b72e5b7-434c-5d4c-8e1a-3d2cece4a933,F,18,21,HISPANIC LATINO AMER,2.83,2.83,2.83,3.05,,,Yes,,4th Year
1b777896-7801-59f0-949f-c5d1e388e05f,M,18,21,ASIAN,3.09,3.09,3.09,3.09,,,,,4th Year
1b85b597-b574-5f27-8fab-ce5827cb8de6,M,18,21,CAUCASN,3,2.81,3,3,,,Yes,,4th Year
1c29763f-5438-5b52-81ed-bb9d940c18cc,F,18,21,ASIAN,3.89,3.72,3.72,3.89,,,,,4th Year
1c6b9db1-f0d1-5bc7-8019-12f11b2e504f,M,18,21,CAUCASN,3.4,3.4,3.4,3.4,,,Yes,,4th Year
1c86391f-6ac8-5cfc-b8ed-5712d3e271b6,F,18,21,ASIAN,3.63,3.34,3.34,3.63,,,Yes,,4th Year
1ce8ba2a-c5d5-5f1a-aedb-bce13b1cd37c,F,18,21,HISPANIC LATINO AMER,3.86,3.86,3.86,3.62,,,Yes,,4th Year
1d3e98d4-ab24-5668-aeae-22a08956afef,M,18,21,AFRO-AM,2.81,2.81,2.81,3.08,,,Yes,,4th Year
1d97a830-ae53-53fd-b600-dcee9fda87b6,M,18,21,ASIAN,3.75,3.59,3.59,3.75,,,Yes,,4th Year
1e0e4e4a-f645-56d3-b924-58df5ee413f8,M,18,21,ASIAN,3.39,3.2,3.2,3.39,,,,,4th Year
1e962b39-ba52-5ff0-953b-4d613e74894a,F,18,21,ASIAN,3.46,3.38,3.38,3.46,,,,,4th Year
1eb82f7a-a2b1-5c5f-9bf6-0338ac7ae6da,M,18,21,ASIAN,3.6,3.6,3.6,3.6,,,,,4th Year
1eba6ee7-a5be-57a2-af8c-518c54bd0816,F,18,21,HISPANIC LATINO AMER,3,2.82,3,3,,,Yes,,4th Year
1f573b27-2695-5aa8-b990-7351a25ea610,F,18,21,ASIAN,3.65,3.51,3.51,3.65,,,Yes,,4th Year
1f66bf1a-3b99-5b28-9277-d087722cea58,M,18,21,ASIAN,3.61,3.61,3.61,3.61,,,Yes,,4th Year
1f76f847-2671-5ef7-b959-cbf3ddb989e7,F,18,21,ASIAN,3.29,3.29,3.29,3.29,,,,,4th Year
1f91c82d-28a4-5ffe-bc62-83ad4557e70f,M,18,21,HISPANIC LATINO AMER,3.98,3.87,3.87,3.94,,,,,4th Year
1f9c4e68-cc6a-5576-9e47-b352390148a4,F,18,21,ASIAN,3.45,3.28,3.28,3.45,,,Yes,,4th Year
1ffca1e5-bfc5-502d-a8c7-6c74c3624cda,M,18,21,CAUCASN,2.97,3.08,3.2,3.1,,,,,4th Year
202468a8-c34b-5019-8fac-e0b1167e844a,F,18,21,CAUCASN,2.83,2.83,2.83,3.11,,,,,4th Year
2025673b-c827-5618-bc39-9dc48ee3d1dd,M,18,21,CAUCASN,3.72,3.56,3.56,3.72,,,Yes,,4th Year
20a6e723-9009-5b3c-92c4-1e13ed31d9e3,F,18,21,ASIAN,3.43,3.4,3.4,3.43,,,Yes,,4th Year
22cf8452-3b97-501c-ab19-c44ad088a617,M,18,21,CAUCASN,3.02,2.64,2.64,3.02,,,,,4th Year
23111b53-24e2-5c3c-be7f-275ccba8deea,F,18,21,CAUCASN,3.73,3.57,3.57,3.73,,,Yes,,4th Year
236133b3-f776-59d7-8e8c-a1f5866741e0,M,18,21,HISPANIC LATINO AMER,3.75,3.6,3.6,3.75,,,Yes,,4th Year
23662718-e3c7-59cf-8aaa-049fd3dfcc7f,M,18,21,HAW/PAC,3.36,3.36,3.36,3.36,,,,,4th Year
237f87c2-f44d-5f1d-80d6-7affc04e3cb2,M,18,21,HISPANIC LATINO AMER,3.86,3.86,3.86,3.86,,,Yes,,4th Year
23b9246a-6296-53b0-a6fe-8a61bd6f6c31,M,18,21,ASIAN,3.3,3.3,3.3,3.3,,,,,4th Year
242dd1d0-8c2d-5c29-951d-be46cf7c460c,M,18,21,AFRO-AM,3.32,3.32,3.32,3.32,,,Yes,,4th Year
2446da3f-a079-5b3d-b38a-8bffa0942797,M,18,21,AFRO-AM,3.5,3.5,3.5,3.5,,,Yes,,4th Year
2496f3aa-fa0e-593e-be11-47cf77a04516,F,18,21,CAUCASN,3.11,3.11,3.02,3.11,,,,,4th Year
24a3b144-5b61-50bb-8737-a0cb8826ed9c,F,18,21,ASIAN,3.62,3.62,3.62,3.62,,,Yes,,4th Year
25ccb474-a2c6-56cf-87f4-583338d58073,F,18,21,CAUCASN,3.32,3.32,3.32,3.32,,,Yes,,4th Year
26056206-6839-52cc-a13f-26a8c8112729,M,18,21,ASIAN,3.4,3.4,3.4,3.4,,,Yes,,4th Year
26131e2f-049b-5ed3-ab25-f446deb89016,F,18,21,HISPANIC LATINO AMER,3.37,3.37,3.37,3.37,,,,,4th Year
26332ab5-7ae5-5f46-a81d-7a536f18b212,F,18,21,ASIAN,3.51,3.32,3.32,3.51,,,,,4th Year
26530bd4-2db0-53e6-ae89-0a37f0998d6e,M,18,21,CAUCASN,2.48,2.65,2.65,3.03,,,,,4th Year
26d74de5-c060-5d7d-9e85-3fe847ec2237,F,18,21,ASIAN,2.84,2.85,2.85,3.05,,,Yes,,4th Year
274a3e9c-47ac-5d3f-b69a-cce1bf7d9fb2,M,18,21,ASIAN,2.87,2.87,3.01,3.11,,,,,4th Year
277a03a7-e391-5e0b-9ee8-eab2fac538d5,M,18,21,CAUCASN,3.54,3.55,3.55,3.54,,,,,4th Year
27946913-240f-5eb1-9045-7484bbc9c8b8,F,18,21,ASIAN,3.4,3.4,3.4,3.4,,,Yes,,4th Year
28132d9e-60ac-5e45-ab37-533d9babdcad,M,18,21,CAUCASN,3.06,3.06,3.06,3.06,,,Yes,,4th Year
281c66d5-fcb5-5f51-9ba0-bcabccc23fa6,M,18,21,ASIAN,3.56,3.48,3.48,3.56,,,,,4th Year
2822caad-19af-5db3-856f-3ecfee393b8a,M,18,21,CAUCASN,3.57,3.57,3.57,3.57,,,,,4th Year
288077fb-e6fa-5143-8cec-b89c2cabb155,F,18,21,ASIAN,3.5,3.5,3.5,3.5,,,Yes,,4th Year
2884af17-1d2b-5491-8ab1-f57e032691bd,F,18,21,CAUCASN,3.35,3.09,2.88,3.35,,,Yes,,4th Year
29afb7c7-cf25-5d78-869c-8f62190cb433,M,18,21,HISPANIC LATINO AMER,2.83,2.83,2.83,3.08,,,Yes,,4th Year
2a6e3749-d8c9-5f49-bd40-3fb7cfa631fd,F,18,21,ASIAN,3.2,3.2,3.2,3.2,,,Yes,,4th Year
2ab4545b-8a34-548d-b773-af38880d90f0,M,18,21,AFRO-AM,3.2,3.2,3.2,3.2,,,Yes,,4th Year
2abc4378-aab0-5bbb-94bc-fb519eb04f78,F,18,21,CAUCASN,2.69,2.69,2.69,3.04,,,,,4th Year
2b2cc6d9-953b-5ae7-8d4c-9ab98e2bf350,M,18,21,ASIAN,3.75,3.61,3.61,3.75,,,Yes,,4th Year
2b7ce1e7-b518-5df6-bfea-5d6a7e2e40d1,M,18,21,HISPANIC LATINO AMER,3.62,3.62,3.62,3.62,,,Yes,,4th Year
2b94bcac-49c5-5db0-a54d-61e2c75bb5c3,F,18,21,ASIAN,3.12,3.12,3.12,3.12,,,Yes,,4th Year
2baf2048-ed4d-57fa-b552-5870e2b730e4,M,18,21,CAUCASN,3.69,3.5,3.5,3.69,,,Yes,,4th Year
2bcee383-c9d9-5e62-90bb-bcf99ddecb7a,F,18,21,HAW/PAC,3.28,3.28,3.28,3.25,,,Yes,,4th Year
2bd62017-7f0b-5f74-880a-eb303eaacb6a,F,18,21,ASIAN,3.52,3.41,3.41,3.52,,,,,4th Year
2c49bd6d-4c75-5358-8bf7-636d36a5e6e8,M,18,21,CAUCASN,3.58,3.58,3.58,3.58,,,,,4th Year
2e5b8ed6-3208-5e3a-8788-7d8b90909c9e,F,18,21,HISPANIC LATINO AMER,2.49,2.67,2.78,3.03,,,,,4th Year
2e81a8ed-25fa-55f0-bd15-19b0cc6e3d92,M,18,21,ASIAN,3.21,3.21,3.21,3.21,,,,,4th Year
2ec3d0f7-e780-5589-aa12-073aeadc10a9,F,18,21,ASIAN,3.47,3.42,3.42,3.47,,,,,4th Year
2eebbb76-ba12-5572-aca9-9aff22e03690,M,18,21,AFRO-AM,3.66,3.66,3.66,3.66,,,Yes,,4th Year
2f38f8d6-bebb-5417-ac8f-b045e4cb74f9,M,18,21,CAUCASN,3.44,3.21,3.21,3.44,,,Yes,,4th Year
2f680a26-dee7-52f1-bd19-5a2ac89e8b25,F,18,21,HISPANIC LATINO AMER,3.3,3.3,3.3,3.3,,,,,4th Year
2fa7519c-2a2b-5590-92c4-9f56e8b1d898,F,18,21,ASIAN,3.33,3.33,3.33,3.33,,,,,4th Year
30344b9a-3630-553f-9197-505daba86c85,M,18,21,HISPANIC LATINO AMER,3.57,3.57,3.57,3.57,,,,,4th Year
30a94687-3e8b-5dcd-b8c4-a1786c7d00d5,M,18,21,HISPANIC LATINO AMER,3.25,3.25,3.25,3.25,,,Yes,,4th Year
30d930f2-02ae-591a-9258-ecc4288fa992,M,18,21,AFRO-AM,3.67,3.67,3.67,3.67,,,Yes,,4th Year
30e09b35-993f-543f-bc9e-af1a3f9f504a,M,18,21,CAUCASN,3,2.83,2.83,3,,,,,4th Year
314fea2d-045c-5d33-9ec0-4a8636ebfc27,F,18,21,CAUCASN,3.25,3.25,3.25,3.25,,,Yes,,4th Year
31a3805f-c028-58db-b961-5cfbc59d8dd9,M,18,21,CAUCASN,3.31,3.31,3.31,3.31,,,,,4th Year
3222a722-4b6b-517b-87c9-1ba01c8ddd89,M,18,21,HISPANIC LATINO AMER,3.65,3.52,3.52,3.65,,,Yes,,4th Year
3234b06f-be30-5894-8f22-22daf34ee1bd,M,18,21,ASIAN,3.74,3.58,3.58,3.74,,,Yes,,4th Year
32929db9-0c94-52e3-bfa9-194d4de7bdec,F,18,21,HISPANIC LATINO AMER,3.05,2.8,2.8,3.23,,,,,4th Year
32a5cf02-6c4e-523a-a9a8-7384f631db58,F,18,21,ASIAN,3.36,3.36,3.36,3.36,,,,,4th Year
32c03cae-e06d-5eea-adc2-b9db27fb0f5a,M,18,21,CAUCASN,3.58,3.58,3.58,3.58,,,,,4th Year
33152ab5-bd50-5d01-8c3c-ee25850d966d,M,18,21,HISPANIC LATINO AMER,3.41,3.21,3.21,3.41,,,,,4th Year
346809ab-5f41-5aaa-845a-9a98cb40b49f,M,18,21,HISPANIC LATINO AMER,3.25,3.25,3.25,3.25,,,Yes,,4th Year
3545b3a0-cf56-5a64-9bf7-08fb8f4699b6,M,18,21,HISPANIC LATINO AMER,3.63,3.35,3.35,3.63,,,Yes,,4th Year
356cc5ba-55a5-54d1-9e95-7a5333d94295,M,18,21,HISPANIC LATINO AMER,3.29,3.29,3.29,3.29,,,,,4th Year
359ebc3d-d43d-5f95-b567-93cac06a0d9e,F,18,21,CAUCASN,3.11,3.11,3.11,3.15,,,,,4th Year
35cf3eec-8a12-5b51-9063-f49f8b10a0d4,M,18,21,CAUCASN,3.34,3.34,3.34,3.34,,,Yes,,4th Year
36c584a1-1c5e-59ed-8c78-26e5f976bff1,M,18,21,ASIAN,2.83,2.83,2.83,3.11,,,,,4th Year
370e0af1-324b-5af5-bf74-9dfd424dd054,M,18,21,HISPANIC LATINO AMER,2.98,2.98,3.05,3.18,,,,,4th Year
37489dda-ff16-5092-ab7a-fbc29d0b4e00,M,18,21,HISPANIC LATINO AMER,3,2.84,2.84,3,,,Yes,,4th Year
385c73e8-7eb2-5a34-b9d9-f76a1be80cc2,M,18,21,HISPANIC LATINO AMER,3.37,3.37,3.37,3.37,,,,,4th Year
387a941e-c671-55aa-af19-8ffb55f1e239,M,18,21,AFRO-AM,3.47,3.43,3.43,3.47,,,,,4th Year
39002b15-5312-51d5-9c67-35a511a31f9c,M,18,21,HISPANIC LATINO AMER,3.54,3.56,3.56,3.54,,,,,4th Year
3916bd3a-785a-528c-8115-3065c3703e8f,M,18,21,ASIAN,3.28,3.28,3.28,3.28,,,,,4th Year
3934be0c-e9cf-5e48-8b06-9891b4519c9a,M,18,21,ASIAN,3.7,3.53,3.53,3.7,,,Yes,,4th Year
396d8e5b-7f46-5774-8b96-6324a7a46344,M,18,21,HISPANIC LATINO AMER,3.35,3.1,2.99,3.35,,,Yes,,4th Year
39ab2a9d-f1d2-54a5-80f8-a5261b80e918,M,18,21,ASIAN,3.35,3.11,3.11,3.35,,,Yes,,4th Year
39ccb676-186e-5a93-b82d-d6c07911d4c7,M,18,21,ASIAN,3.32,3.32,3.32,3.32,,,Yes,,4th Year
39e2fa1e-18bf-5ae5-9958-02d5d95a2f94,F,18,21,ASIAN,2.77,2.77,2.77,3.08,,,,,4th Year
39e976ff-e547-5414-9024-96488e9e0bc7,M,18,21,HISPANIC LATINO AMER,3.06,3.06,3.15,3.23,,,,,4th Year
3a8c004a-bc61-5af9-bafc-fb2e6c30a701,M,18,21,HISPANIC LATINO AMER,3.53,3.48,3.48,3.53,,,,,4th Year
3adb4b76-df58-5fb8-a22a-a45cfc267806,M,18,21,HISPANIC LATINO AMER,3.8,3.66,3.66,3.56,,,Yes,,4th Year
3b0f7880-fe73-5927-a92d-7cdfa3963dda,M,18,21,CAUCASN,3.1,3.1,2.92,3.1,,,,,4th Year
3bb63947-98d2-5f0b-b83d-6666232f2655,M,18,21,HISPANIC LATINO AMER,3.44,3.22,3.22,3.44,,,Yes,,4th Year
3bda58f1-1dc7-5e4b-8994-1de20f52f967,M,18,21,ASIAN,3.66,3.66,3.66,3.66,,,Yes,,4th Year
3c451f8c-d2a9-552e-8e7a-1cc685ffe1ed,M,18,21,HISPANIC LATINO AMER,3.09,3.09,3.09,3.09,,,,,4th Year
3c4a1de7-de73-506f-86c1-ded036a7441f,F,18,21,CAUCASN,3.47,3.47,3.47,3.47,,,,,4th Year
3c6591fc-ed9e-5265-9ee7-ed7fc83ccc75,M,18,21,ASIAN,3.18,3.18,2.82,3.18,,,Yes,,4th Year
3cef6fbc-7eca-54df-84e0-62268b010114,M,18,21,CAUCASN,3.55,3.55,3.55,3.55,,,,,4th Year
3d0c33b8-1b1d-5a73-989e-a7414e4e6397,M,18,21,CAUCASN,3.34,3.34,3.34,3.34,,,Yes,,4th Year
3d25cab6-2eb0-5f27-967f-d902bc859a78,F,18,21,ASIAN,3.59,3.59,3.59,3.59,,,,,4th Year
3d3ef0bb-3051-5385-a690-c1137458883a,M,18,21,ASIAN,2.7,2.7,2.7,3.04,,,,,4th Year
3df6f910-5b01-5cee-90b7-b4d38dc493b3,M,18,21,HISPANIC LATINO AMER,3.35,3.35,3.35,3.35,,,Yes,,4th Year
3e2a9358-67f0-5f3c-be77-9c98d82c5f4c,M,18,21,HISPANIC LATINO AMER,3.99,3.88,3.88,3.9,,,,,4th Year
3e4a685d-8d36-5e0c-96a7-5ea0af6a98e3,M,18,21,CAUCASN,3.67,3.4,3.4,3.67,,,Yes,,4th Year
3e660d4e-6b2c-577c-ad94-1ac982bcdd76,M,18,21,CAUCASN,3.89,3.73,3.73,3.65,,,,,4th Year
3e675b75-358e-56d8-a81e-5abe03290629,M,18,21,HISPANIC LATINO AMER,3.16,3.16,3.16,3.24,,,,,4th Year
3e7b5641-8c55-5c41-86f4-23641fb8f7f2,M,18,21,ASIAN,2.85,3,3,3.05,,,,,4th Year
3e8774e2-764a-5125-8982-fa881680a6fe,F,18,21,CAUCASN,3.54,3.57,3.57,3.54,,,,,4th Year
3efd54ab-9976-5e74-81ea-a228a69b2872,F,18,21,ASIAN,4,3.9,3.9,3.89,,,,,4th Year
3f30bb99-0a88-5170-9e6c-f7079eb7edb1,M,18,21,HISPANIC LATINO AMER,2.86,3.1,2.89,3.05,,,,,4th Year
3f44d635-1cec-5fd9-aeca-b7616ee1663c,M,18,21,CAUCASN,2.47,2.62,2.6,3.07,,,,,4th Year
3faabc52-547e-5b6a-9743-5eb9a33d5766,F,18,21,ASIAN,2.71,2.71,2.83,3.04,,,,,4th Year
40065d18-3ed9-5136-adc1-0a83c7bc989e,M,18,21,HISPANIC LATINO AMER,3.56,3.49,3.49,3.56,,,,,4th Year
407bf30f-1ef5-5fcd-8773-b9d965fc59ba,M,18,21,ASIAN,3,2.85,3.01,3,,,,,4th Year
4175a5be-7dca-53ee-84c2-8567b02b3ec4,M,18,21,HISPANIC LATINO AMER,3,2.86,3.01,3,,,,,4th Year
41b3ee99-f2c3-59aa-8e98-96ae51f85b2d,M,18,21,ASIAN,3.51,3.33,3.33,3.51,,,,,4th Year
420e56b5-6734-5a9c-929d-293aa4291ecc,M,18,21,ASIAN,3.31,3.31,3.31,3.31,,,,,4th Year
42178623-d77f-505a-b91b-a668bc7260f2,M,18,21,CAUCASN,3.3,3.3,3.3,3.3,,,Yes,,4th Year
42ca58dc-d8a3-5178-93fe-d474b18a12e7,F,18,21,CAUCASN,3.31,3.31,3.31,3.31,,,,,4th Year
436a4a56-6416-5cd2-b4b3-c30072f002a7,F,18,21,CAUCASN,3.02,2.65,2.65,3.02,,,,,4th Year
440d48d1-63af-58ef-bea7-1ac4c467043e,F,18,21,ASIAN,3.63,3.36,3.36,3.63,,,Yes,,4th Year
44523c1b-eaea-5e6a-92ca-61bd2bd521cf,M,18,21,CAUCASN,3.19,3.19,2.94,3.19,,,Yes,,4th Year
44da1387-4175-5371-9502-47311ee2966e,M,18,21,HISPANIC LATINO AMER,3.37,3.37,3.37,3.37,,,,,4th Year
4519f5b5-2c08-5854-aeff-c1a13a97e128,F,18,21,AFRO-AM,3.21,3.21,3.21,3.21,,,,,4th Year
4578eb02-6836-5472-832a-e80af4a6b996,M,18,21,HISPANIC LATINO AMER,3.32,3.32,3.32,3.32,,,Yes,,4th Year
45f20704-5730-5fe7-b31a-0c4b9ed7a8d4,F,18,21,HISPANIC LATINO AMER,2.49,2.68,3,3.07,,,Yes,,4th Year
460e3068-c790-5187-b7cd-fb81495accff,F,18,21,ASIAN,3.06,3.06,3.06,3.06,,,Yes,,4th Year
468533a8-1a7c-513b-93b4-71997df48ee2,M,18,21,HISPANIC LATINO AMER,3.89,3.74,3.74,3.66,,,,,4th Year
46d6b277-9a12-5a9e-9df6-fd762e684c9e,M,18,21,CAUCASN,3.42,3.33,3.33,3.42,,,Yes,,4th Year
47b16bab-3ede-57e7-bfd9-1c052eb40edb,M,18,21,HISPANIC LATINO AMER,2.51,2.75,2.75,3.07,,,,,4th Year
48679987-7fb1-52a0-957f-baf16e5f7b5d,M,18,21,HISPANIC LATINO AMER,3.33,3.33,3.33,3.33,,,,,4th Year
4875f7cc-4281-5e26-9867-e359b94d140e,M,18,21,HISPANIC LATINO AMER,3.28,3.28,3.28,3.28,,,,,4th Year
48834fe5-da09-58c3-918c-def6afa33831,M,18,21,CAUCASN,3,2.87,3.02,3,,,Yes,,4th Year
48b9b720-193e-583a-b561-4e2d789870c8,F,18,21,ASIAN,3.19,3.19,3.01,3.19,,,Yes,,4th Year
498633fa-1e8e-5eae-af81-a72b410109fb,M,18,21,CAUCASN,3.4,3.4,3.4,3.4,,,Yes,,4th Year
49cb61d0-1927-51ce-80cf-25ee3e04ec21,F,18,21,CAUCASN,3.2,3.2,3.2,3.2,,,,,4th Year
4a0de551-4dba-5263-9cb8-02e3f7c67392,M,18,21,CAUCASN,3.36,3.36,3.36,3.36,,,Yes,,4th Year
4a3b8921-2481-5df7-b028-08afc91344ed,M,18,21,ASIAN,3.43,3.43,3.43,3.43,,,Yes,,4th Year
4a3ea531-2d5e-5850-9683-b6b13216447e,F,18,21,ASIAN,3.09,3.09,3.09,3.09,,,,,4th Year
4a5a73c0-754b-5deb-ad08-f291875e68e4,F,18,21,ASIAN,3.75,3.62,3.62,3.75,,,,,4th Year
4a893448-b5c7-5cd8-9691-4d7dff5dacd4,F,18,21,CAUCASN,3,2.88,2.88,3,,,,,4th Year
4af2781d-e80c-5646-a8e7-5da9df4dda55,M,18,21,ASIAN,3.02,2.66,2.75,3.13,,,Yes,,4th Year
4af7da21-aab3-5539-849d-bacf22a25fd0,M,18,21,ASIAN,3.68,3.46,3.46,3.68,,,Yes,,4th Year
4b6a7e50-7c84-5742-b426-bdcbb92ff828,F,18,21,CAUCASN,3.01,2.88,2.88,3.01,,,,,4th Year
4b922d35-a009-5851-bf78-093592b151cc,F,18,21,HISPANIC LATINO AMER,3.17,3.17,3.17,3.24,,,,,4th Year
4bcd2de8-175c-5856-8f45-d57115d8d5b9,M,18,21,CAUCASN,3.57,3.57,3.57,3.57,,,,,4th Year
4c0eccc1-c8ae-5de0-ad04-30a905a06cc1,M,18,21,ASIAN,3.25,3.25,3.25,3.25,,,Yes,,4th Year
4c4015b6-1ce6-5850-b490-0fe0fe8ccf7d,M,18,21,AFRO-AM,3.32,3.32,3.32,3.32,,,Yes,,4th Year
4c4cba66-b816-5173-bc0b-259317927bc5,F,18,21,CAUCASN,3.55,3.55,3.55,3.55,,,,,4th Year
4c7ac261-6315-510d-9d97-5dbbcefc4075,F,18,21,ASIAN,3.44,3.23,3.23,3.44,,,Yes,,4th Year
4ccca0ff-06d7-5ccc-b4e0-972020ef99c1,M,18,21,ASIAN,3.16,3.16,3.16,3.16,,,,,4th Year
4de4b85c-e78e-5bbd-b4ed-21350bb1206f,M,18,21,CAUCASN,3,2.89,2.89,3,,,,,4th Year
4ea42c3f-9068-55e4-85a3-024dbc32d968,F,18,21,ASIAN,3.22,3.22,3.22,3.22,,,,,4th Year
4ea91431-9454-512c-a555-9c2e14c3ddf3,M,18,21,CAUCASN,2.75,2.75,2.75,3.23,,,,,4th Year
4f22b972-5e0a-5cc1-a1c5-f44d26871bc3,M,18,21,CAUCASN,3.76,3.51,3.51,3.41,,,,,4th Year
5070db96-bd32-5f27-b481-d7043e0fa248,F,18,21,HISPANIC LATINO AMER,3.61,3.61,3.61,3.61,,,Yes,,4th Year
507528d4-0d9f-5a7b-a22f-47967d7aaf4c,M,18,21,ASIAN,3.52,3.42,3.42,3.52,,,,,4th Year
50aa9b28-8da3-5b02-a3a3-9a24fe6f9bc8,M,18,21,ASIAN,2.95,2.95,3.01,3.27,,,Yes,,4th Year
50c79bf9-c837-504b-9ac6-30c49e61880a,M,18,21,ASIAN,3.34,3.34,3.34,3.34,,,Yes,,4th Year
50da9cdb-839d-5672-9066-758e3eb94f39,M,18,21,ASIAN,3.37,3.37,3.37,3.37,,,,,4th Year
51445b0d-60b2-5308-9f8f-e3555d3d319e,M,18,21,ASIAN,3.89,3.75,3.75,3.67,,,,,4th Year
519e7892-fb3f-5473-9c61-656d14019f27,M,18,21,CAUCASN,3.45,3.29,3.29,3.45,,,Yes,,4th Year
51b268a7-461d-53a2-86f5-351a82e5ed09,F,18,21,ASIAN,2.83,2.83,2.83,3.11,,,,,4th Year
5249b5c9-ebd6-52c4-ace1-30e001cae583,F,18,21,ASIAN,3.9,3.77,3.77,3.69,,,,,4th Year
52717d86-424d-5fb2-b4cf-6a572ed59bda,M,18,21,ASIAN,3.53,3.49,3.49,3.53,,,,,4th Year
52ab6b2c-3514-50a4-ac5c-cc448379ff38,M,18,21,ASIAN,3.75,3.63,3.63,3.75,,,,,4th Year
52fb0926-bf9c-5a41-9b1a-3d962478cf97,M,18,21,CAUCASN,3.1,3.1,3,3.1,,,,,4th Year
538ead95-faf3-5c0a-922c-bff05fc463df,M,18,21,CAUCASN,2.53,2.83,2.83,3.07,,,Yes,,4th Year
540c3961-69d1-59ca-9983-40e9c768fe4b,M,18,21,HISPANIC LATINO AMER,3.25,3.25,3.25,3.25,,,Yes,,4th Year
54aebe05-3551-548c-b55a-5ddbbc862045,M,18,21,CAUCASN,3.43,3.43,3.43,3.43,,,Yes,,4th Year
5507d98c-9267-5b2d-bed6-5479032924b1,M,18,21,HISPANIC LATINO AMER,3.25,3.25,3.25,3.25,,,Yes,,4th Year
55147659-efb5-53d1-8e47-a7c0cf56bbf4,M,18,21,ASIAN,4,3.91,3.91,3.9,,,,,4th Year
551adb55-120f-5f69-a209-3180d858dbe2,M,18,21,CAUCASN,3.03,2.68,2.99,3.13,,,Yes,,4th Year
55bac200-45c3-58c7-86d7-f44e645b7081,M,18,21,CAUCASN,3.77,3.52,3.52,3.42,,,,,4th Year
55e4a6e4-73e4-5491-bf88-fff26d68571a,F,18,21,ASIAN,3.78,3.6,3.6,3.5,,,Yes,,4th Year
55ef2435-3011-53ed-ac0f-4e38fd23451c,M,18,21,CAUCASN,3,2.9,2.9,3,,,,,4th Year
55f40a3f-511a-5b06-8c8b-fb7449a27d0c,M,18,21,AMER-IND,3,2.91,3.16,3,,,,,4th Year
560790c3-dd9c-519f-bdbb-0e0f1db7c5bd,F,18,21,ASIAN,3.57,3.57,3.57,3.57,,,,,4th Year
56532044-a3e6-5963-a0d0-005d2c7b2d0c,M,18,21,CAUCASN,3.68,3.47,3.47,3.68,,,Yes,,4th Year
569384f9-a214-5d81-9cdf-315221f3986b,M,18,21,ASIAN,3.25,3.25,3.25,3.25,,,Yes,,4th Year
56bdc36f-7553-5969-92e2-74de56bf83d3,F,18,21,CAUCASN,2.5,2.69,3.03,3.03,,,,,4th Year
57745cd4-9617-5180-afad-c5b9e6383ee7,M,18,21,HISPANIC LATINO AMER,3,2.92,3.2,3,,,,,4th Year
5828a839-bff1-5838-87d3-eec7d46a67d3,M,18,21,AFRO-AM,3.41,3.22,3.22,3.41,,,,,4th Year
5951178a-1766-5361-a6a9-1c3535e5073f,F,18,21,HISPANIC LATINO AMER,3.58,3.58,3.58,3.58,,,,,4th Year
5951efad-8e98-5679-91c3-baddb4767713,M,18,21,HISPANIC LATINO AMER,3.36,3.36,3.36,3.36,,,Yes,,4th Year
595ac917-8dd8-5132-b9e6-292851a9c567,M,18,21,CAUCASN,3.33,3.33,3.33,3.33,,,,,4th Year
59871446-b549-5627-8132-c659d613e882,M,18,21,ASIAN,3.29,3.29,3.29,3.29,,,,,4th Year
5a259cac-4459-50af-ad5e-56b9fa463bf4,M,18,21,CAUCASN,3.75,3.64,3.64,3.75,,,,,4th Year
5a5035dc-61c6-5eb0-b9bd-c17db199ed09,F,18,21,AFRO-AM,3.42,3.34,3.34,3.42,,,Yes,,4th Year
5a7c8c82-5a88-5ebb-a054-f5ceb5853270,M,18,21,CAUCASN,3.01,3.01,3.01,3.01,,,,,4th Year
5a8a22fb-627f-560e-97c4-221d9134f781,F,18,21,ASIAN,3.39,3.22,3.22,3.39,,,Yes,,4th Year
5a8a4773-7a83-5afd-a590-a271c703fb23,M,18,21,ASIAN,3.53,3.5,3.5,3.53,,,,,4th Year
5a9d1e5b-b516-5138-bd15-d781a53a8f32,M,18,21,CAUCASN,3.18,3.18,2.86,3.24,,,,,4th Year
5b1c3bec-70f1-5660-ab05-b441ae2352c5,M,18,21,CAUCASN,2.81,2.81,2.81,3.26,,,Yes,,4th Year
5bba6dfe-2273-558e-9d80-43a7bdcda66c,M,18,21,CAUCASN,2.85,2.95,3.05,3.08,,,Yes,,4th Year
5bd43ba0-85a1-53bf-8ca0-0d0fe705eb5e,F,18,21,ASIAN,3.21,3.21,3.21,3.21,,,,,4th Year
5cff93b6-cf9c-53a5-b4e9-79319b42e4be,F,18,21,ASIAN,3.53,3.51,3.51,3.53,,,,,4th Year
5d10d059-bad4-5560-95e9-047832367bc8,F,18,21,ASIAN,3.77,3.53,3.53,3.43,,,,,4th Year
5d5b44de-4887-527a-98dc-087d6c390b1f,M,18,21,ASIAN,3.75,3.65,3.65,3.75,,,,,4th Year
5d5ec97d-aa72-5237-997e-87a7ed31c530,M,18,21,ASIAN,2.72,2.72,3.01,3.04,,,,,4th Year
5d951ae9-9b17-5d39-8206-296ed2bad5dd,M,18,21,ASIAN,3.75,3.66,3.66,3.75,,,,,4th Year
5da884a6-e9c2-5893-a328-e98b037cf689,M,18,21,ASIAN,3.79,3.65,3.65,3.55,,,Yes,,4th Year
5daee46a-97b4-5ff3-9ccd-fe622871d97a,M,18,21,ASIAN,2.6,2.6,2.52,3.25,,,Yes,,4th Year
5dc85faa-0d7b-5e3c-b50c-8dd6c33b35cb,M,18,21,HISPANIC LATINO AMER,3.09,3.09,3.09,3.09,,,,,4th Year
5df68be7-003a-5c3c-8968-82c2f567cb1b,M,18,21,ASIAN,3.54,3.58,3.58,3.54,,,,,4th Year
5dfc5e78-7412-5efe-b087-79acf5b9b11a,M,18,21,HISPANIC LATINO AMER,3.54,3.54,3.54,3.54,,,,,4th Year
5e1a2e09-0f41-5b05-ad7b-e9ee5ef949f2,F,18,21,ASIAN,3.29,3.29,3.29,3.29,,,,,4th Year
5e95a751-be03-5691-ab22-8196b2c716e6,F,18,21,HISPANIC LATINO AMER,3.31,3.31,3.31,3.31,,,,,4th Year
5efa7a8b-dbe4-5d4d-87d0-c85e2aa78df3,F,18,21,HISPANIC LATINO AMER,2.4,2.48,2.51,3.02,,,,,4th Year
5f0373f9-9702-5ed3-8e48-24231e3061b9,F,18,21,ASIAN,3.59,3.59,3.59,3.59,,,,,4th Year
5fee18d7-f9cc-5133-a880-e58c1167473f,F,18,21,ASIAN,2.82,2.82,3,3.26,,,Yes,,4th Year
60c82042-76df-5b99-85ad-f7021003bf1a,F,18,21,CAUCASN,2.73,2.88,3.08,3.14,,,Yes,,4th Year
61b2aebe-3a2c-5ece-992a-e6f43813affb,M,18,21,ASIAN,3.75,3.75,3.75,3.75,,,,,4th Year
61d6c674-fffb-5aac-8e24-e6ea994421d6,F,18,21,CAUCASN,3.6,3.6,3.6,3.6,,,,,4th Year
6297d9d7-dc8d-5807-a9a4-88f8928cad07,M,18,21,CAUCASN,3.37,3.37,3.37,3.37,,,,,4th Year
62bbec88-d3a9-5676-8834-4accaa272071,M,18,21,CAUCASN,3.89,3.76,3.76,3.68,,,,,4th Year
62d5424d-c086-5d26-b987-9708c13107ea,M,18,21,HISPANIC LATINO AMER,3.05,2.72,2.93,3.05,,,,,4th Year
62e53d9b-c02e-5d42-9b55-8fe76122bb38,M,18,21,CAUCASN,3.12,3.12,3.12,3.15,,,,,4th Year
640c379c-486e-5f07-80a8-6b2e9eba6c66,F,18,21,HISPANIC LATINO AMER,3.54,3.54,3.54,3.54,,,,,4th Year
642c0811-1413-5632-9fdf-bb01a5c7d0ec,M,18,21,HISPANIC LATINO AMER,3.44,3.24,3.24,3.44,,,Yes,,4th Year
6473270c-de91-5d62-b6f1-26570832a670,M,18,21,CAUCASN,3.32,3.32,3.32,3.32,,,Yes,,4th Year
6481ef1c-8ab9-53fc-9cd3-7ef3786c4770,M,18,21,CAUCASN,3.75,3.75,3.75,3.3,,,Yes,,4th Year
648eebf2-da53-5d9c-948f-3d42fb12b0aa,M,18,21,CAUCASN,3.01,3.01,3.01,3.01,,,,,4th Year
64954853-c99e-5043-9320-cc984035ebdf,F,18,21,HISPANIC LATINO AMER,2.61,2.44,2.47,3.25,,,Yes,,4th Year
656ad8f4-54a3-5549-b8c9-956e2e8a8a8f,F,18,21,AFRO-AM,3.06,3.06,3.06,3.06,,,Yes,,4th Year
65982886-cb32-57b4-884d-50fd5f2c5ba0,F,18,21,ASIAN,2.83,2.83,2.83,3.26,,,Yes,,4th Year
65ba3c6f-0840-55d3-b4cf-e80f33df309f,M,18,21,ASIAN,2.55,2.9,2.9,3.07,,,Yes,,4th Year
65d6da0f-0fac-53c3-93bd-9c283a30af5c,F,18,21,CAUCASN,3.41,3.23,3.23,3.41,,,,,4th Year
664ae93c-fb24-54e9-9eb3-f2b3a6211273,F,18,21,CAUCASN,3.29,3.29,3.29,3.29,,,,,4th Year
666dbd3a-a2a5-50f9-b261-8e04552a5059,F,18,21,ASIAN,3.34,3.34,3.34,3.34,,,Yes,,4th Year
66d7b278-cf1d-5d69-bf35-21671e44437d,F,18,21,ASIAN,3.86,3.86,3.86,3.86,,,Yes,,4th Year
66e6a8c8-3e65-52da-89c0-25a1abbcefaa,M,18,21,HISPANIC LATINO AMER,3.59,3.59,3.59,3.59,,,,,4th Year
67106134-a50e-51a2-aad9-58d9755dc24d,F,18,21,CAUCASN,2.96,2.96,3.01,3.27,,,Yes,,4th Year
6732dec1-ebe8-5cf7-951b-61757471d24d,M,18,21,HISPANIC LATINO AMER,3.22,3.22,3.22,3.22,,,,,4th Year
674fba46-6928-5bfb-8a0a-83842107bee8,F,18,21,ASIAN,3.45,3.3,3.3,3.45,,,Yes,,4th Year
6768896f-862e-55e5-b030-9d485a5a0ce2,F,18,21,CAUCASN,2.87,2.87,3.01,3.08,,,Yes,,4th Year
68d1f0aa-3055-58bb-a1e8-14e09ad2380b,M,18,21,CAUCASN,3.13,3.13,3.13,3.15,,,,,4th Year
68e53ac8-0ba2-5812-b60c-7508eaea4937,F,18,21,HISPANIC LATINO AMER,3.54,3.54,3.54,3.54,,,,,4th Year
69208613-e324-5c00-a241-40c7745d105c,M,18,21,ASIAN,3.36,3.36,3.36,3.36,,,Yes,,4th Year
6931156c-46cb-5c73-b2bd-b530828b73cb,F,18,21,HISPANIC LATINO AMER,3.42,3.35,3.35,3.42,,,Yes,,4th Year
69502952-da03-55d4-8fea-0ce6b5f4901f,M,18,21,CAUCASN,3.58,3.58,3.58,3.58,,,,,4th Year
6962239c-00fc-5383-80c8-88820dc8e127,M,18,21,ASIAN,3.28,3.28,3.28,3.28,,,,,4th Year
69629907-3fd3-55f9-9491-709d9afbf13c,M,18,21,HISPANIC LATINO AMER,3.75,3.75,3.75,3.31,,,Yes,,4th Year
6a0052db-6839-5b8d-bba6-fe63001a60f4,F,18,21,CAUCASN,3.91,3.78,3.78,3.7,,,,,4th Year
6a388f35-ee14-5d09-b849-99a17096b279,M,18,21,ASIAN,3.05,2.73,3.01,3.05,,,Yes,,4th Year
6ad77451-e378-553b-af01-e7b60d09417e,F,18,21,ASIAN,2.96,2.96,3.01,3.01,,,,,4th Year
6bb330a8-f4e4-5e60-9db4-5a9ed314263a,F,18,21,HISPANIC LATINO AMER,3.62,3.62,3.62,3.62,,,Yes,,4th Year
6bc56979-e2aa-5e79-95f5-75027be906f0,M,18,21,HISPANIC LATINO AMER,3.64,3.44,3.44,3.64,,,,,4th Year
6c0da2f0-ee85-51e2-9228-9632510e99af,M,18,21,HISPANIC LATINO AMER,3.75,3.75,3.75,3.32,,,,,4th Year
6c2861ec-b580-5d9e-a006-de59fdd846fc,M,18,21,HISPANIC LATINO AMER,3.3,3.3,3.3,3.3,,,Yes,,4th Year
6c9285ac-4afd-549d-944b-753f40a85d6a,M,18,21,ASIAN,3.32,3.32,3.32,3.32,,,Yes,,4th Year
6d05bb76-5bb2-5943-a26d-94c0b62abfa6,F,18,21,ASIAN,3.55,3.55,3.55,3.55,,,,,4th Year
6d3e3edf-0ea4-59a8-b41f-3691f97ba189,M,18,21,AMER-IND,3.77,3.54,3.54,3.44,,,,,4th Year
6d53509e-0421-580c-82a3-53a98ed64792,F,18,21,ASIAN,3.55,3.55,3.55,3.55,,,,,4th Year
6d9c4f4a-d817-5a78-bb47-93bf3d9f1b8a,M,18,21,CAUCASN,3.36,3.36,3.36,3.36,,,Yes,,4th Year
6ddebbb0-ddc1-54c8-8a61-9412ec2ef4f5,F,18,21,ASIAN,3.33,3.33,3.33,3.33,,,,,4th Year
6de855a9-16eb-5804-bdbf-9820bb4477b0,F,18,21,CAUCASN,2.76,2.76,2.76,3.01,,,,,4th Year
6e6244f6-ec37-58cb-beab-6a697a6fe93e,M,18,21,ASIAN,2.62,2.5,2.56,3.25,,,Yes,,4th Year
6e7eed39-7a92-5d2f-855c-92166098ca84,F,18,21,ASIAN,3.46,3.39,3.39,3.46,,,,,4th Year
6f0fc01e-d4b9-5efd-a9b3-597b33e2e7df,M,18,21,HISPANIC LATINO AMER,3.61,3.61,3.61,3.61,,,Yes,,4th Year
6f1bc1d7-5fed-55e9-b908-a14cd06c6192,M,18,21,HISPANIC LATINO AMER,3.56,3.5,3.5,3.56,,,,,4th Year
6f99ea4e-8945-5f4f-9e64-41d98a5b95e8,F,18,21,ASIAN,3.01,3.01,3.01,3.01,,,,,4th Year
6fcba106-baa0-592b-9c0d-25425425f2ec,M,18,21,CAUCASN,3.6,3.6,3.6,3.6,,,,,4th Year
70d2f515-cff7-54b8-bd97-9c4b631aba62,M,18,21,CAUCASN,2.97,3.07,3.17,3.27,,Yes,Yes,,4th Year
71c3d1e6-4031-57cb-afd8-f6fbe7393203,M,18,21,CAUCASN,2.96,2.96,3.01,3.02,,Yes,,,4th Year
71f8ce28-dfde-50f6-9fd6-dd97d92b0fd2,M,18,21,ASIAN,3.55,3.55,3.55,3.55,,Yes,,,4th Year
7254034c-2f07-56e6-be86-96d7dd0427d3,M,18,21,HISPANIC LATINO AMER,3,2.93,3,3,,,Yes,,4th Year
7299a441-1297-53c8-810b-47c98e4c238d,M,18,21,ASIAN,2.84,2.8,2.8,3.26,,,Yes,,4th Year
72d4793b-13f3-5bf2-8cca-428eb07c70c4,F,18,21,ASIAN,3.43,3.43,3.43,3.43,,,Yes,,4th Year
72dc5f67-f1a7-52ee-97e8-c2257e006a79,M,18,21,CAUCASN,2.89,2.89,2.89,3.08,,,Yes,,4th Year
7321ce85-9dbf-55ea-9072-81f3acafb9d5,M,18,21,CAUCASN,2.51,2.74,3.06,3.03,,,,,4th Year
732b5a8c-9c61-5e16-b098-58a5c979fe33,M,18,21,ASIAN,3.16,3.16,3.16,3.16,,,,,4th Year
7367959f-ec2c-5366-b120-b85576fc0848,F,18,21,HISPANIC LATINO AMER,3.75,3.75,3.75,3.33,,,Yes,,4th Year
740a8365-aa61-53d1-b14d-2af54f6df259,M,18,21,HISPANIC LATINO AMER,3.1,3.1,2.94,3.1,,,,,4th Year
748959fd-fa27-5f5f-b25c-28a53bfa32ec,M,18,21,AFRO-AM,3.35,3.35,3.35,3.35,,,Yes,,4th Year
756b0b19-bfeb-5916-a634-05705a9de06c,M,18,21,HISPANIC LATINO AMER,3.59,3.59,3.59,3.59,,,,,4th Year
7571cee0-ac60-51fa-a68c-e36bc7769b79,M,18,21,CAUCASN,2.63,2.6,3.21,3.25,,Yes,Yes,,4th Year
757aa82a-6b6c-59eb-9652-c517ce9a792c,M,18,21,ASIAN,3.8,3.67,3.67,3.57,,,Yes,,4th Year
759d2e25-ee25-57a1-89a3-b1af99cce4d9,M,18,21,ASIAN,2.97,3.09,3.09,3.11,,,Yes,,4th Year
75c44dd0-b0dc-5b92-a5ee-94936b9df8b8,M,18,21,HISPANIC LATINO AMER,3.33,3.33,3.33,3.33,,,,,4th Year
75c7276b-a6f6-5732-9c6d-3febea046bc3,M,18,21,ASIAN,3.06,3.06,3.06,3.06,,,Yes,,4th Year
75eeebee-2b2b-52ae-9257-04726a7fa552,M,18,21,CAUCASN,3.2,3.2,3.2,3.2,,Yes,,,4th Year
76313266-6c57-578d-be3f-d1bbca3af73f,M,18,21,CAUCASN,2.52,2.78,3.25,3.03,,Yes,,,4th Year
7770a9a3-1de6-5667-be01-84622c8e5492,M,18,21,ASIAN,3.08,3.08,3.24,3.23,,Yes,,,4th Year
777713cd-ea67-5dfc-96cf-7e7ac6a0065a,M,18,21,CAUCASN,3.21,3.21,3.21,3.21,,Yes,,,4th Year
7839da6f-d008-5ef2-8983-ad7ce194c81e,F,18,21,ASIAN,3.57,3.57,3.57,3.57,,,,,4th Year
784e3fc8-f45a-5a8e-9c3b-624e1487e658,F,18,21,ASIAN,3.31,3.31,3.31,3.31,,Yes,,,4th Year
78e105ba-578f-5db0-9abd-ea815aa74f5d,M,18,21,ASIAN,3.43,3.43,3.43,3.43,,Yes,Yes,,4th Year
78fc8efd-9e05-5630-a2ef-d3de7443b873,M,18,21,ASIAN,3.77,3.55,3.55,3.45,,,,,4th Year
79435293-3d60-51b4-bf33-e1a36b46ac51,F,18,21,ASIAN,3.3,3.3,3.3,3.3,,,Yes,,4th Year
79792c3b-93f2-5e12-b8fb-1e9221647bea,M,18,21,AMER-IND,3.28,3.28,3.28,3.28,,,Yes,,4th Year
7a29b421-21f4-5f53-adce-e08fd63d40ca,M,18,21,CAUCASN,3.34,3.34,3.34,3.34,,,Yes,,4th Year
7a76057a-dfd4-5a28-a235-b7f910e6b456,M,18,21,CAUCASN,2.53,2.82,3,3.03,,,,,4th Year
7aba2933-3194-59cf-ad88-79e3a90ad777,M,18,21,ASIAN,3.88,3.7,3.7,3.88,,,Yes,,4th Year
7abe178b-cac6-5954-a46c-518ad79d9c70,M,18,21,CAUCASN,3.3,3.3,3.3,3.3,,,Yes,,4th Year
7b37a7a3-6211-5172-b229-240d268f16b0,F,18,21,CAUCASN,3.75,3.75,3.75,3.34,,,,,4th Year
7b62bea2-b8df-5790-a4fb-3201a4e64b48,M,18,21,ASIAN,3.46,3.4,3.4,3.46,,,,,4th Year
7b88d2ac-9986-57e0-8fc8-c13a37378f90,F,18,21,AMER-IND,3.92,3.79,3.79,3.71,,,,,4th Year
7bf077a9-6ee2-5a6a-ab62-6a244dd1d729,M,18,21,ASIAN,3.34,3.34,3.34,3.34,,,Yes,,4th Year
7c69820f-dfb5-5508-92d7-ab68fbb5af6f,M,18,21,CAUCASN,3.47,3.47,3.47,3.47,,,,,4th Year
7c9d53dd-3d26-5a33-b34e-bab4868426c8,M,18,21,CAUCASN,2.97,3.1,2.9,3.12,,,Yes,,4th Year
7ce5476d-a2df-5870-ba28-d6149ab4c1ff,F,18,21,ASIAN,3,2.94,2.94,3,,,,,4th Year
7dd49d3d-eb07-5158-a91e-353021d26e30,M,18,21,CAUCASN,2.57,2.97,3.03,3.07,,,,,4th Year
7ddd3b77-aef5-5c41-83dd-2738e299ea11,M,18,21,ASIAN,3.39,3.24,3.24,3.39,,,Yes,,4th Year
7e3bf5d1-92e9-5518-a32c-7470cc5a098f,M,18,21,CAUCASN,3.48,3.48,3.48,3.48,,,,,4th Year
7e5ed384-6cc9-58e5-af67-121b2dfb02ae,M,18,21,HISPANIC LATINO AMER,2.88,3,3.01,3.12,,,Yes,,4th Year
7f8a79a5-28e8-5ea8-9c0d-26d076685447,M,18,21,ASIAN,2.85,2.9,2.9,3.26,,,Yes,,4th Year
80810d00-8dd9-58b0-ba07-e7ceec149b20,F,18,21,CAUCASN,3.19,3.19,3.1,3.24,,,,,4th Year
8081dc85-5e05-5780-9be7-7516716a3d72,M,18,21,HISPANIC LATINO AMER,3.49,3.49,3.49,3.49,,,Yes,,4th Year
808e5cda-46ad-58fc-ac2b-a4721ce42a96,M,18,21,ASIAN,3.58,3.58,3.58,3.58,,,,,4th Year
80ece61f-8a6d-56bc-bd36-58e99a6c2f6b,M,18,21,HISPANIC LATINO AMER,3.61,3.61,3.61,3.61,,,Yes,,4th Year
81028470-f4aa-5786-9b1e-bb00c191f6a2,M,18,21,CAUCASN,3.43,3.43,3.43,3.43,,,Yes,,4th Year
8147e17c-c752-59ce-a665-73321b472dcc,M,18,21,CAUCASN,3.55,3.41,3.41,3.55,,,,,4th Year
814b17ef-25fe-58df-8ac1-69662020f5b8,F,18,21,ASIAN,3.35,3.35,3.35,3.35,,,Yes,,4th Year
816d3fc6-6a91-516f-9635-2a9b51f6cad4,M,18,21,AFRO-AM,3.47,3.47,3.47,3.47,,,,,4th Year
81935715-a64e-58d9-828f-bc4e9b18b0b4,M,18,21,ASIAN,3.35,3.35,3.35,3.35,,,Yes,,4th Year
8194bbd7-a83d-516a-be34-7e7db3ec1c13,M,18,21,ASIAN,3.09,3.09,3.09,3.09,,,,,4th Year
8209e56e-638d-50b7-a6ae-24eb1958e1aa,M,18,21,ASIAN,3.86,3.86,3.86,3.86,,,Yes,,4th Year
8268ea87-18e9-523d-84f7-4062fde62844,M,18,21,AFRO-AM,3.44,3.25,3.25,3.44,,,Yes,,4th Year
827d7c08-7ac8-5cee-9d95-05be475e8cb6,M,18,21,CAUCASN,2.41,2.49,2.53,3.02,,,,,4th Year
82a01c29-bd6e-5f61-9e94-c48235965a8d,M,18,21,ASIAN,3.2,3.2,3.2,3.2,,,,,4th Year
8323f395-29a4-59cb-88cf-60a52553585f,M,18,21,HISPANIC LATINO AMER,2.98,2.98,3.06,3.19,,,,,4th Year
83a398b9-ac01-5973-9c79-67b6065a83e5,M,18,21,CAUCASN,3.09,3.09,2.8,3.09,,,,,4th Year
83c82800-39e9-57c1-bb4a-229a1c7e324f,M,18,21,CAUCASN,3.45,3.31,3.31,3.45,,,Yes,,4th Year
83cd47df-19e3-54d1-a3f6-c9f5ee9486ce,M,18,21,CAUCASN,3.78,3.61,3.61,3.51,,,Yes,,4th Year
83f23e02-7073-5b6f-b86a-c15ea74b00c4,M,18,21,ASIAN,3.11,3.11,3.03,3.11,,,,,4th Year
845c02e0-6f34-52f5-8e98-f9b4eb1edb33,F,18,21,CAUCASN,2.54,2.86,3.01,3.03,,,,,4th Year
846251b5-b5ef-54ac-87eb-94ddc232956c,M,18,21,CAUCASN,3.09,3.09,2.81,3.09,,,,,4th Year
84fc5064-6734-5a27-a951-d430c0ef7282,M,18,21,ASIAN,2.73,2.89,3.05,3.04,,,,,4th Year
8510b39c-a8ef-5374-beab-de9cb5776ea5,M,18,21,CAUCASN,2.96,2.96,3.01,3.03,,,,,4th Year
85685d04-7093-5658-912a-355952bc2e3e,M,18,21,CAUCASN,2.74,2.97,2.97,3.04,,,,,4th Year
859a627c-33bf-5966-9e00-981a7b929376,M,18,21,CAUCASN,3.1,3.1,2.95,3.1,,,,,4th Year
86e53870-44d8-5ee3-9c2d-c775e4364098,M,18,21,CAUCASN,3.5,3.5,3.5,3.5,,,Yes,,4th Year
870eeaea-587b-574e-bf4d-1db4610c76b9,M,18,21,CAUCASN,3.2,3.2,3.2,3.2,,,,,4th Year
87219369-80ec-53d0-9770-3e25c2eadec8,M,18,21,AMER-IND,3.48,3.48,3.48,3.48,,,,,4th Year
874ba916-4877-5413-b6b2-345eb22eedc7,F,18,21,AFRO-AM,3.62,3.62,3.62,3.62,,,Yes,,4th Year
87852f1d-f112-5749-9678-1d13b1a1a621,F,18,21,HISPANIC LATINO AMER,3.63,3.37,3.37,3.63,,,Yes,,4th Year
87a7a11d-6377-55fd-bcb2-ef6ee8900c30,F,18,21,CAUCASN,2.64,2.65,2.65,3.25,,,Yes,,4th Year
8817edca-7a4c-5b2c-b806-c8872d7e828b,M,18,21,HISPANIC LATINO AMER,3.17,3.17,3.17,3.17,,,,,4th Year
8827a67b-ad61-5a20-89cf-8b583bc7f755,M,18,21,AFRO-AM,3.05,2.74,3.05,3.05,,,Yes,,4th Year
889f992c-20ac-53c2-b2a7-733b10d95187,M,18,21,HISPANIC LATINO AMER,3.44,3.26,3.26,3.44,,,Yes,,4th Year
88b7a513-aadd-5c70-ab14-d7eff516c492,M,18,21,CAUCASN,2.65,2.74,3.07,3.25,,,Yes,,4th Year
891d255d-44e6-5685-beb2-2a67c6190562,M,18,21,CAUCASN,2.77,2.77,2.77,3.09,,,Yes,,4th Year
8996113d-3ad7-5582-95f1-2ff236d17e7e,M,18,21,ASIAN,3.19,3.19,2.98,3.19,,,Yes,,4th Year
89c9170e-4e5f-5960-ba27-9a6bfa29460e,F,18,21,ASIAN,2.91,2.91,3.15,3.08,,,,,4th Year
8a103c77-cef8-5679-96fe-f1ca676b2ddc,M,18,21,CAUCASN,3.31,3.31,3.31,3.31,,,,,4th Year
8a885790-e621-51e0-af7d-982ca8fa0836,M,18,21,HISPANIC LATINO AMER,2.59,3.02,3.16,3.07,,,Yes,,4th Year
8a8862e1-8f16-5235-abfa-7da39d1bc2a3,F,18,21,CAUCASN,3.19,3.19,3,3.19,,,Yes,,4th Year
8aa7dd79-aa83-599a-b8be-42e76f41730c,M,18,21,HISPANIC LATINO AMER,3.2,3.2,3.2,3.2,,,,,4th Year
8aacce57-c970-502c-ae58-cd8a40b2dfd9,F,18,21,HAW/PAC,3.21,3.21,3.21,3.21,,,,,4th Year
8b077841-09c8-5855-8ed6-d04f2af91091,M,18,21,ASIAN,2.66,2.66,2.73,3.25,,,Yes,,4th Year
8b2d999e-43c3-5a8c-b6ea-5b059c244feb,M,18,21,ASIAN,2.61,2.45,2.48,3.07,,,,,4th Year
8b9b54d4-0c3b-5301-b7d9-a4be4a617eab,F,18,21,CAUCASN,3.11,3.11,3.04,3.11,,,,,4th Year
8bce8432-f8fa-5b8b-8ffa-3078c685c827,M,18,21,CAUCASN,3.77,3.56,3.56,3.46,,,,,4th Year
8bd123eb-937c-549c-94bf-d1196e6a77d6,M,18,21,ASIAN,3.06,3.06,3.06,3.06,,,Yes,,4th Year
8bd2fece-67e8-5c96-bb50-41a5c3a83bb5,M,18,21,CAUCASN,3.35,3.35,3.35,3.35,,,Yes,,4th Year
8c86eafb-3cea-5016-8560-8bd8c12fcc28,M,18,21,ASIAN,3.56,3.51,3.51,3.56,,,,,4th Year
8cd3133b-d955-5cd3-bea2-6efe31178fcf,M,18,21,HISPANIC LATINO AMER,2.76,2.76,2.76,3.02,,,,,4th Year
8cdb99a6-aec9-5b16-a552-15350a43d97a,M,18,21,ASIAN,3.36,3.36,3.36,3.36,,,Yes,,4th Year
8d764e28-83e4-59ee-a011-7019c999444e,M,18,21,CAUCASN,2.42,2.5,2.55,3.02,,,,,4th Year
8d827ed5-2e14-5298-9b43-6af673e527a9,M,18,21,ASIAN,2.81,2.81,2.81,3.11,,,,,4th Year
8d8dbc4c-bd4e-5b1d-b4e0-73744aa71a6c,M,18,21,CAUCASN,3.45,3.32,3.32,3.45,,,Yes,,4th Year
8e007f03-66c5-52bf-b32b-071edf5f7778,M,18,21,CAUCASN,3.3,3.3,3.3,3.3,,,Yes,,4th Year
8e3c85cd-4ee4-5d5d-8bcf-bd8d294a359e,M,18,21,CAUCASN,3.5,3.5,3.5,3.5,,,Yes,,4th Year
8e6db35a-d368-5c2d-a24c-c6254a391b55,F,18,21,ASIAN,3.51,3.34,3.34,3.51,,,,,4th Year
8f7f824a-43fd-52f5-acfb-e7e52b6413b2,M,18,21,HISPANIC LATINO AMER,3.4,3.4,3.4,3.4,,,Yes,,4th Year
8f8b5358-3249-5707-9ba5-b46ed883e08a,M,18,21,HISPANIC LATINO AMER,3.51,3.35,3.35,3.51,,,,,4th Year
8f94eb49-b9ff-5574-93a8-6d79ad386d1a,M,18,21,CAUCASN,3.41,3.24,3.24,3.41,,,,,4th Year
8fe0090e-0e8b-568a-9277-b15a4eb65c9e,M,18,21,HISPANIC LATINO AMER,3.32,3.32,3.32,3.32,,,Yes,,4th Year
8ff264f5-6e64-5f6a-8f1e-8da04f911401,M,18,21,ASIAN,3.21,3.21,3.21,3.21,,,,,4th Year
90880478-1288-5361-961d-fdc58f09b58c,M,18,21,ASIAN,2.67,2.67,2.86,3.25,,,Yes,,4th Year
90bff43b-1d45-53d2-95b4-72708a53a96f,F,18,21,ASIAN,3.11,3.11,3.05,3.11,,,,,4th Year
90fc13ef-6b4a-5be4-92e3-103949fbf4e8,F,18,21,ASIAN,2.97,3.11,3,3.13,,,Yes,,4th Year
9122cac1-e7ea-5241-97ed-d8c1c8fd6c1f,M,18,21,HISPANIC LATINO AMER,3.7,3.54,3.54,3.7,,,Yes,,4th Year
918b4a9c-b2be-5970-a867-1203d40809dd,M,18,21,CAUCASN,3.63,3.38,3.38,3.63,,,,,4th Year
932d7838-6fd9-5f3a-bb52-6ba4697cb141,M,18,21,HISPANIC LATINO AMER,3.81,3.68,3.68,3.58,,,Yes,,4th Year
93868795-0876-5f1c-8a5e-851806cd2e3e,M,18,21,AMER-IND,3.09,3.09,3.03,3.23,,,,,4th Year
93960aed-3606-515b-86ab-5a3a57f49e97,M,18,21,CAUCASN,3.52,3.43,3.43,3.52,,,,,4th Year
9463c72d-54a1-5e03-b8d0-eb525ae5100b,M,18,21,CAUCASN,3.2,3.2,3.2,3.2,,,,,4th Year
947bd457-dad9-5a67-82bc-e3d13df86079,M,18,21,HISPANIC LATINO AMER,2.68,2.68,2.97,3.25,,,Yes,,4th Year
94a0c8e3-9ffe-55c7-b0a3-e7092750e1ab,M,18,21,ASIAN,3.39,3.26,3.26,3.39,,,Yes,,4th Year
956196be-e2bf-5581-92b1-a9073e4b5c44,M,18,21,HISPANIC LATINO AMER,3.75,3.75,3.75,3.35,,,,,4th Year
95a07016-7f9e-5958-9dd4-aac6fc7d207e,M,18,21,HISPANIC LATINO AMER,3.6,3.6,3.6,3.6,,,,,4th Year
96100a5c-856f-5c37-82e8-a6380ff5dea0,M,18,21,CAUCASN,3.62,3.62,3.62,3.62,,,Yes,,4th Year
96377b14-73e7-51ad-b5f3-65a76f19d86f,M,18,21,CAUCASN,2.69,2.69,2.69,3.25,,,Yes,,4th Year
969485d3-955b-582c-a2c5-b3db9370c91b,F,18,21,HISPANIC LATINO AMER,2.55,2.89,2.89,3.03,,,,,4th Year
969ac210-81de-588c-b553-a8b6b383ad2e,M,18,21,ASIAN,3.64,3.45,3.45,3.64,,,,,4th Year
96c7741b-036e-5e45-b16e-1b108058d0d5,M,18,21,HISPANIC LATINO AMER,3.1,3.1,3.01,3.1,,,,,4th Year
96e11715-e82d-5a67-a487-4a50e227138c,F,18,21,ASIAN,3.36,3.36,3.36,3.36,,,Yes,,4th Year
96eb6021-e8f6-5d15-a5e6-29d5e906d5d9,M,18,21,ASIAN,3.39,3.28,3.28,3.39,,,Yes,,4th Year
97035387-a5ab-53e4-a56d-6c199d3bf9dd,F,18,21,ASIAN,3.75,3.75,3.75,3.36,,,,,4th Year
976bd374-6219-5f72-a043-80a8933f7a67,M,18,21,ASIAN,3.43,3.43,3.43,3.43,,,Yes,,4th Year
97e23df8-550a-559b-96a0-c3ad83898cf0,M,18,21,HISPANIC LATINO AMER,3.6,3.6,3.6,3.6,,,,,4th Year
9879bcf9-a3c2-5f5d-968a-21487e1d73fc,M,18,21,ASIAN,3.46,3.41,3.41,3.46,,,,,4th Year
98aa19dc-aeb2-58fd-bfb1-3d95db8e4058,M,18,21,HISPANIC LATINO AMER,3.33,3.33,3.33,3.33,,,,,4th Year
98f29579-7a64-5eb2-b340-b08148509ded,M,18,21,ASIAN,3.6,3.6,3.6,3.6,,,,,4th Year
990a5a2a-5519-5d8e-a8eb-fa45f55cfb4f,F,18,21,CAUCASN,3.35,3.35,3.35,3.35,,,,,4th Year
993f7747-1627-5cdb-85ff-63f03ffd37e5,F,18,21,CAUCASN,3.12,3.12,3.12,3.12,,,Yes,,4th Year
9947cc03-30bc-519b-bd35-eec93ba08041,M,18,21,HISPANIC LATINO AMER,3.82,3.7,3.7,3.6,,,Yes,,4th Year
99e78599-1fea-5762-9100-0e06dc44dbda,M,18,21,CAUCASN,3.61,3.61,3.61,3.61,,,Yes,,4th Year
9a0d4e91-acb9-539e-ab03-ee7ff5a83c5f,F,18,21,CAUCASN,3.61,3.61,3.61,3.61,,,Yes,,4th Year
9a326044-89ac-58c5-88ca-ad7c6dd70626,F,18,21,ASIAN,3.61,3.61,3.61,3.61,,,Yes,,4th Year
9a4dba1a-6db6-500b-bf6a-4dfe01f52b98,M,18,21,ASIAN,3.12,3.12,3.12,3.12,,,Yes,,4th Year
9a50f4c8-26b8-53f3-b6b3-b3e1b71b22df,M,18,21,ASIAN,3.77,3.57,3.57,3.47,,,,,4th Year
9ac5b99c-2328-591b-8557-364ab1d88b6d,M,18,21,CAUCASN,2.56,2.91,3.17,3.03,,,,,4th Year
9ac9c0e0-323d-5f24-95b3-317505156fdd,M,18,21,CAUCASN,3.36,3.36,3.36,3.36,,,Yes,,4th Year
9af2e4d8-75a7-567d-a2eb-af3850e14a92,F,18,21,HISPANIC LATINO AMER,3.28,3.28,3.28,3.28,,,Yes,,4th Year
9d21c946-2a10-52f2-9d31-1e80ef2a94ef,M,18,21,ASIAN,3.29,3.29,3.29,3.29,,,,,4th Year
9d9b1a22-25fb-5cc0-94bc-4c5c10d2443c,M,18,21,HISPANIC LATINO AMER,3.28,3.28,3.28,3.28,,,Yes,,4th Year
9daf2d46-9023-546e-ad90-d8c872dfa943,M,18,21,CAUCASN,3.31,3.31,3.31,3.31,,,,,4th Year
9e357e25-81e0-5900-8e42-721ff9b981a1,F,18,21,ASIAN,3.04,2.7,2.7,3.13,,,Yes,,4th Year
9e6f7cc0-438c-55b0-b7b1-d84bb2d9d563,M,18,21,ASIAN,3.39,3.3,3.3,3.39,,,Yes,,4th Year
9e929b2b-26f5-53d1-b0ef-fc5ca308adf1,M,18,21,ASIAN,2.98,2.98,3.07,3.2,,,,,4th Year
9f18a089-af95-5faa-93ab-1dcc49e4f8d3,F,18,21,CAUCASN,3.65,3.53,3.53,3.65,,,,,4th Year
9f3df27d-a8c1-50d1-b2a1-4e0f4a0b7aaf,M,18,21,HISPANIC LATINO AMER,3.31,3.31,3.31,3.31,,,,,4th Year
9f3e45f6-152e-5758-b846-d5882902a316,M,18,21,CAUCASN,3.11,3.11,3.06,3.11,,,,,4th Year
9fa2647b-68c9-5c17-a788-d51d9b751cac,M,18,21,ASIAN,2.63,2.61,2.58,3.07,,,Yes,,4th Year
9faf5e00-1714-51ac-9738-da14032ce1d8,M,18,21,CAUCASN,3.1,3.1,2.98,3.23,,,,,4th Year
a0309e66-46b2-5110-a262-4ec59ff0be2f,F,18,21,HISPANIC LATINO AMER,4,3.92,3.92,3.91,,,,,4th Year
a0c9cbcf-057b-5bfa-b133-1a8aa99a6041,M,18,21,ASIAN,3.83,3.83,3.83,3.61,,,Yes,,4th Year
a0f160f4-1612-5a28-8cb4-7d32a1b90908,F,18,21,CAUCASN,3,2.95,3.17,3,,,,,4th Year
a1ab0281-7390-5832-b873-ef9d6983b603,M,18,21,HISPANIC LATINO AMER,3.39,3.32,3.32,3.39,,,Yes,,4th Year
a2abc7e4-553d-59c7-aa64-75a66c73a29d,M,18,21,CAUCASN,2.57,2.96,2.96,3.03,,,,,4th Year
a2bcde07-143a-508d-86ed-7e0b1532ba46,M,18,21,CAUCASN,3.47,3.47,3.47,3.47,,Yes,,,4th Year
a352c82f-c809-54fc-b981-5a786778e372,M,18,21,ASIAN,3.57,3.57,3.57,3.57,,,,,4th Year
a39bdd67-329b-5d20-8be4-ab126e83e7f6,F,18,21,HISPANIC LATINO AMER,3.39,3.34,3.34,3.39,,,Yes,,4th Year
a3da7818-4660-5f80-b229-7d9b85adbe38,M,18,21,CAUCASN,2.7,2.7,2.7,3.25,,,Yes,,4th Year
a3eca510-b67a-568b-a8b0-b401d248f517,M,18,21,HISPANIC LATINO AMER,3.29,3.29,3.29,3.29,,,,,4th Year
a3f32cd6-c526-52ab-a49c-b8e3c1f74471,M,18,21,ASIAN,2.77,2.77,2.77,3.1,,,,,4th Year
a3faad3c-8df7-58b6-95dd-548acc6ae849,F,18,21,HAW/PAC,3.5,3.5,3.5,3.5,,,Yes,,4th Year
a4644a65-3702-5274-82df-c470ef884346,M,18,21,HISPANIC LATINO AMER,3.05,2.79,2.79,3.13,,,Yes,,4th Year
a4b95ae1-51a7-562c-9904-8dfa8703fbdc,M,18,21,CAUCASN,3.19,3.19,3.02,3.19,,,Yes,,4th Year
a4c2a64c-a2d2-531c-8428-37f9edf8b11e,M,18,21,ASIAN,3.38,3.38,3.38,3.38,,,,,4th Year
a5396655-2b22-56b7-9192-02fa3f080ed8,M,18,21,CAUCASN,3.3,3.3,3.3,3.3,,,Yes,,4th Year
a64d785f-1c25-56b3-816b-8c42ece44144,M,18,21,HISPANIC LATINO AMER,3.32,3.32,3.32,3.32,,Yes,Yes,,4th Year
a655f18f-eee2-5243-8b50-56ddeaab3156,M,18,21,ASIAN,2.93,2.93,2.93,3.08,,,,,4th Year
a67b1306-5fe0-5b98-a686-c822af4d3f3a,F,18,21,AFRO-AM,3.56,3.52,3.52,3.56,,,,,4th Year
a6a236da-55f6-5a50-9a2d-52d1ae0dc72c,M,18,21,CAUCASN,3.51,3.36,3.36,3.51,,,,,4th Year
a6ac925a-4ded-569d-a26d-cd6ae0d62f21,M,18,21,HISPANIC LATINO AMER,3.33,3.33,3.33,3.33,,,,,4th Year
a7901c86-8d31-5b25-9a61-b1df732a4a9f,M,18,21,ASIAN,2.71,2.71,2.71,3.25,,,Yes,,4th Year
a79755a9-c318-548e-ac8e-83c7c857c7a7,M,18,21,CAUCASN,3,3,3.11,3,,,Yes,,4th Year
a7f6b5de-cbdd-5645-aa3a-29c13cf14b8d,F,18,21,ASIAN,3.32,3.32,3.32,3.32,,,Yes,,4th Year
a83548c4-ebbc-5260-9e7f-d9ba42b1d47e,M,18,21,CAUCASN,2.96,2.88,2.88,3.04,,,Yes,,4th Year
a837b256-7a22-51e4-9012-dd922de8f09f,M,18,21,AMER-IND,2.86,3.05,3.23,3.26,,,Yes,,4th Year
a8693a8b-c25e-5270-a339-4dbd6f67ecbe,M,18,21,CAUCASN,2.76,2.76,2.76,3.03,,,,,4th Year
aa6a1113-7c48-5e34-85c1-098742eb4e32,F,18,21,HISPANIC LATINO AMER,3.12,3.12,3.12,3.12,,,Yes,,4th Year
aa6a3093-f682-598e-a166-45b1dcce4807,M,18,21,ASIAN,2.58,2.98,3.08,3.03,,,,,4th Year
aa7d31d7-4455-5abe-921f-b426ada63518,F,18,21,ASIAN,2.98,2.98,3.04,3.27,,Yes,Yes,,4th Year
aaf8083c-1bed-50d7-95a5-8fedacbf88d4,F,18,21,ASIAN,3.62,3.3,3.3,3.62,,,Yes,,4th Year
ab397a38-b581-5572-874a-140916930524,M,18,21,HISPANIC LATINO AMER,3.52,3.44,3.44,3.52,,,,,4th Year
ab6e64f1-0a7a-5193-b297-853adec23b0b,M,18,21,CAUCASN,3,3,3.13,3,,,,,4th Year
abb50675-fc7b-5fc2-910d-7577643739fc,M,18,21,AFRO-AM,3.22,3.22,3.22,3.22,,Yes,,,4th Year
abb7faa1-c5f7-56d9-abee-b06c0f724fd0,F,18,21,ASIAN,3.92,3.8,3.8,3.72,,,,,4th Year
abd780f2-0283-5fe0-813e-939126e858e8,M,18,21,HISPANIC LATINO AMER,2.78,2.64,2.64,3.01,,,,,4th Year
ac10dfc7-4d31-5663-b983-9f35484eadd7,F,18,21,ASIAN,3.54,3.54,3.54,3.54,,Yes,,,4th Year
ac7fb3eb-9d2d-59ac-92d8-a89d16deed78,M,18,21,ASIAN,3.75,3.75,3.75,3.37,,,,,4th Year
ac82a11e-11d5-5533-ba8e-ee2bbf8d9a90,F,18,21,CAUCASN,3,3,3.15,3,,,,,4th Year
ac8a1180-11eb-53ed-a0a3-215ef7089f3f,F,18,21,CAUCASN,3,3,3.17,3,,,,,4th Year
ae416570-e725-5266-94fb-65a85020196a,M,18,21,HISPANIC LATINO AMER,3.45,3.33,3.33,3.45,,,Yes,,4th Year
ae5c7b51-92bb-5d8a-859f-0984ff10d556,M,18,21,ASIAN,2.87,3.15,3.15,3.26,,,Yes,,4th Year
aea8238e-fd2a-576c-aa8a-73ab657e86f8,M,18,21,CAUCASN,3.09,3.09,2.82,3.09,,,,,4th Year
aef53b87-86ef-5363-b814-79ef7a93a2be,M,18,21,CAUCASN,3,3,3.19,3,,,,,4th Year
af2380de-8b68-5893-9ca0-343356854146,M,18,21,CAUCASN,3,3,3.21,3,,,Yes,,4th Year
af35345e-3262-541e-b437-cb1d65ec9276,M,18,21,CAUCASN,2.88,2.88,3.05,3.26,,,Yes,,4th Year
af4a885a-1e0f-564b-bb4e-35f68cd2a5ac,M,18,21,CAUCASN,3.4,3.4,3.4,3.4,,Yes,,,4th Year
afb5e9b3-42ba-5514-8286-f3abd0f73ddc,F,18,21,ASIAN,3.34,3.34,3.34,3.34,,,Yes,,4th Year
afb858e2-02f7-5511-b7e0-3398433aae45,M,18,21,HISPANIC LATINO AMER,3.53,3.52,3.52,3.53,,,,,4th Year
afcde69e-bcc2-54f3-b0e1-e1dcffebc454,M,18,21,HISPANIC LATINO AMER,2.59,3.01,3.12,3.03,,,,,4th Year
afe3f75f-2baf-50e7-9e27-f964a2635be8,M,18,21,ASIAN,3.19,3.19,3.04,3.19,,,Yes,,4th Year
b0166434-21fd-5372-b9ad-a7de115458cd,F,18,21,CAUCASN,2.75,2.75,2.75,3.04,,,,,4th Year
b01cd420-c591-514f-b706-f04b735cf76d,M,18,21,HISPANIC LATINO AMER,3.22,3.22,3.22,3.22,,,,,4th Year
b105eae1-caf5-586a-935d-98ec61171435,F,18,21,ASIAN,3.75,3.75,3.75,3.38,,,,,4th Year
b14eb73a-d16d-54a1-b315-5ba8559ea2cd,M,18,21,CAUCASN,3.56,3.53,3.53,3.56,,,,,4th Year
b20edbb9-4689-5028-8a6f-fe978364dd03,M,18,21,HISPANIC LATINO AMER,3.57,3.57,3.57,3.57,,,,,4th Year
b2166e99-15c4-5098-a807-9dace4e98fcf,M,18,21,CAUCASN,2.97,3.12,3.12,3.14,,,Yes,,4th Year
b2dbf570-fd43-56e3-98a5-1bc748030f5b,M,18,21,HISPANIC LATINO AMER,3.17,3.17,3.17,3.17,,,Yes,,4th Year
b300853c-16a8-5821-bed3-9b68933d30c0,F,18,21,ASIAN,4,3.93,3.93,3.92,,,,,4th Year
b300c629-8213-501c-9404-ea495bfb87af,M,18,21,ASIAN,2.76,2.76,2.76,3.04,,,,,4th Year
b3488ce5-da70-505d-9b68-ff1e7bce70b0,M,18,21,CAUCASN,2.81,2.81,3.2,3.11,,Yes,,,4th Year
b3a6a5ac-ca85-59c5-a4af-a08ab0eab1ba,F,18,21,ASIAN,3.14,3.14,3.14,3.15,,Yes,,,4th Year
b48fa241-68ad-5bd4-a70a-b41586a268a3,M,18,21,AMER-IND,3.31,3.31,3.31,3.31,,Yes,,,4th Year
b5b50084-ffb9-5800-b912-608f0bda50b5,M,18,21,ASIAN,3.47,3.47,3.47,3.47,,Yes,,,4th Year
b5c7f591-f7cc-5de0-8b93-654aa3231651,F,18,21,ASIAN,2.77,2.77,3.05,3.04,,Yes,,,4th Year
b69a224e-a110-5403-8fad-8f2246ba421e,M,18,21,ASIAN,3.11,3.11,3.11,3.23,,Yes,,,4th Year
b6f8752e-9df2-526a-8730-489e53a39beb,M,18,21,CAUCASN,2.99,2.99,3.09,3.27,,Yes,Yes,,4th Year
b7066285-2a11-535a-81b1-5ad2c945eaf0,M,18,21,HISPANIC LATINO AMER,3.64,3.46,3.46,3.64,,,,,4th Year
b77a3b9e-e562-518d-8c25-847d40f28326,M,18,21,CAUCASN,3.32,3.32,3.32,3.32,,Yes,,,4th Year
b78b775c-b521-58ac-aa90-ad6c44d5faeb,F,18,21,ASIAN,3.53,3.53,3.53,3.53,,,,,4th Year
b81c182b-76c0-5982-bfa5-5579dac870b5,M,18,21,CAUCASN,2.72,2.72,2.91,3.25,,,Yes,,4th Year
b81d6590-4409-5565-a494-c5c1d628e526,F,18,21,CAUCASN,3,3,3,3.12,,,Yes,,4th Year
b8240d79-2bff-5f6f-a300-b474d0da7b40,M,18,21,CAUCASN,3.09,3.09,2.83,3.09,,,,,4th Year
b826b903-f62c-50e0-916c-23c431a1a894,M,18,21,ASIAN,3.63,3.39,3.39,3.63,,,Yes,,4th Year
b87f7f30-ca84-53ba-ba3d-f740f23589b8,F,18,21,ASIAN,3.06,3.06,3.14,3.13,,,Yes,,4th Year
b8c8ea09-38d0-530d-ab29-aa5f912e8b7e,M,18,21,CAUCASN,2.96,3.02,3.14,3.05,,,Yes,,4th Year
b8cb0633-5cc3-5758-b8f3-d32da8618be5,F,18,21,ASIAN,3.48,3.48,3.48,3.48,,Yes,Yes,,4th Year
b8e1d82c-d098-5921-86ee-83ab854066cc,F,18,21,HISPANIC LATINO AMER,3.59,3.59,3.59,3.59,,,,,4th Year
b90d9630-0a86-5dde-a80b-57878d7b5269,M,18,21,HISPANIC LATINO AMER,3.19,3.19,3.06,3.19,,,Yes,,4th Year
b90dd1a9-264b-51a8-86bd-c5cef9ff7470,F,18,21,CAUCASN,3,3,3.23,3,,,Yes,,4th Year
b92732cc-e194-5141-9d68-9c215ceafa66,M,18,21,ASIAN,3.32,3.32,3.32,3.32,,,,,4th Year
b92c58f6-6c57-5a8d-b661-303c10e41b63,M,18,21,ASIAN,3.35,3.35,3.35,3.35,,,,,4th Year
b94732fc-d426-5be6-8f05-176297df1b08,M,18,21,CAUCASN,3.29,3.29,3.29,3.29,,,,,4th Year
b993b4c9-87a1-5583-9919-81030aa837f6,F,18,21,HISPANIC LATINO AMER,3.48,3.48,3.48,3.48,,,Yes,,4th Year
b9cd0d70-a2a9-5eff-89b8-4a018eaca174,F,18,21,CAUCASN,3.32,3.32,3.32,3.32,,,,,4th Year
b9d5e857-75aa-5717-b96a-dbfbfd7e532a,M,18,21,ASIAN,2.73,2.87,3.01,3.25,,,Yes,,4th Year
b9ff404d-c90f-5afe-ba0b-1f623bb10e5b,M,18,21,HISPANIC LATINO AMER,3.4,3.4,3.4,3.4,,,,,4th Year
ba214c56-88dd-5787-ba21-f671d432a867,M,18,21,ASIAN,3.58,3.58,3.58,3.58,,,,,4th Year
bc952aa2-e3ad-5ae9-b4ab-efaa7268ceac,M,18,21,ASIAN,2.6,2.6,2.51,3.03,,,,,4th Year
bcb6491b-12d8-5d19-9b8a-f55918c83365,F,18,21,ASIAN,4,3.94,3.94,3.93,,,,,4th Year
bcbfa309-67f0-5394-b215-0c2fed7e7b9f,M,18,21,ASIAN,3.05,2.75,2.75,3.05,,,Yes,,4th Year
bcc8697a-a3d0-5831-9aac-73e312051dcc,F,18,21,ASIAN,3.22,3.22,3.22,3.22,,,,,4th Year
bcca6731-8541-5a34-82ed-d454a14cd98c,F,18,21,HISPANIC LATINO AMER,3.62,3.31,3.31,3.62,,Yes,Yes,,4th Year
bdb5d5c8-59e3-5ace-b962-e0e587404644,F,18,21,ASIAN,3.48,3.48,3.48,3.48,,,Yes,,4th Year
bddbd9c3-41e7-50b0-9283-3e2e880c438c,M,18,21,ASIAN,3,3,3,3.27,,,Yes,,4th Year
be017c73-0c3d-5468-b4be-9e7e18cd7f3e,M,18,21,ASIAN,2.79,2.74,3.04,3.11,,,,,4th Year
be3a7737-f3fa-58e6-b356-41ab1d27ab81,M,18,21,CAUCASN,2.65,2.75,2.75,3.07,,,,,4th Year
bec4124d-9a25-5421-8302-bc6eb2b1ef75,M,18,21,ASIAN,2.74,2.96,3.01,3.25,,,Yes,,4th Year
bed5399a-f632-5c16-b6e2-6d17c3ec8e41,F,18,21,HISPANIC LATINO AMER,3.28,3.28,3.28,3.28,,,Yes,,4th Year
bf02c996-fa5e-51f2-a9f6-aca5766d24d0,M,18,21,ASIAN,3.63,3.4,3.4,3.63,,,Yes,,4th Year
bf6959ad-15b9-5ce0-8a52-14c8348aab3a,M,18,21,CAUCASN,3,3,3.25,3,,Yes,Yes,,4th Year
bf75020b-53ea-5ed6-b93a-c98d922bf00f,F,18,21,ASIAN,3.39,3.36,3.36,3.39,,,,,4th Year
bfa20290-6594-59fa-94d8-6d4460c26d13,M,18,21,ASIAN,2.81,2.81,3.12,3.11,,Yes,,,4th Year
c024adcb-7ca9-5513-a294-80a06f838415,M,18,21,AMER-IND,2.75,2.75,3.12,3.25,,Yes,Yes,,4th Year
c0422bec-9648-5256-bce2-9b78a4a2f478,M,18,21,CAUCASN,2.43,2.52,3.12,3.02,,Yes,,,4th Year
c0470abb-2806-57cd-8386-d5bd981ad071,M,18,21,CAUCASN,3.63,3.41,3.41,3.63,,Yes,,,4th Year
c09d59d2-add5-5925-8fc3-a9c3a7f11c8c,M,18,21,HISPANIC LATINO AMER,3.49,3.49,3.49,3.49,,Yes,Yes,,4th Year
c0d0b75c-6229-5fcb-a5e2-8c2dab20497a,F,18,21,CAUCASN,3.06,3.06,3.06,3.06,,Yes,Yes,,4th Year
c0d26f80-929d-5f1f-984f-210e0f006e46,M,18,21,ASIAN,3.64,3.47,3.47,3.64,,Yes,,,4th Year
c1ea46df-42e1-58b9-91a1-d2b44cb9b80b,M,18,21,ASIAN,3.39,3.38,3.38,3.39,,,,,4th Year
c23885a7-5ef1-5859-a9eb-fc903466566d,M,18,21,ASIAN,3.29,3.29,3.29,3.29,,,,,4th Year
c25772a0-a628-5e50-8e32-e0c814b620ec,M,18,21,CAUCASN,3.34,3.01,3.11,3.34,,,Yes,,4th Year
c3a7bcee-0aea-55de-a7da-da20a3302a86,M,18,21,HISPANIC LATINO AMER,3.2,3.2,3.2,3.2,,,,,4th Year
c3c20914-dbf5-58c8-8041-46ba01bf103f,F,18,21,CAUCASN,2.97,2.97,2.97,3.15,,,Yes,,4th Year
c3fbbf53-390b-59fc-b9c0-ee96677b60fc,M,18,21,CAUCASN,3.65,3.54,3.54,3.65,,,Yes,,4th Year
c46e6a10-8bfa-5714-8738-2b88b8c0d669,F,18,21,ASIAN,3.64,3.48,3.48,3.64,,,,,4th Year
c48440c3-a476-5f44-89ff-cf48f5c82bf6,F,18,21,ASIAN,3.65,3.65,3.65,3.65,,,Yes,,4th Year
c49421f3-5c60-501c-add9-74d4815d3ccd,M,18,21,ASIAN,3.48,3.48,3.48,3.48,,,Yes,,4th Year
c4986180-c736-51ba-b98f-df3aac601097,M,18,21,HISPANIC LATINO AMER,2.78,2.67,3.06,3.04,,,,,4th Year
c4aa4019-1317-5da3-890b-3542f0e0d53f,F,18,21,ASIAN,3.93,3.81,3.81,3.73,,,,,4th Year
c4b31bf7-22db-5c3c-9718-3859dc1ca5f4,M,18,21,ASIAN,3.65,3.65,3.65,3.65,,,Yes,,4th Year
c4d3baae-5f9f-5a2f-9fdd-cabeeca9af83,F,18,21,ASIAN,2.88,2.88,2.88,3.12,,,Yes,,4th Year
c518a276-0e3d-55d0-927f-873a26e94bb1,F,18,21,CAUCASN,3.33,3.33,3.33,3.33,,,,,4th Year
c62b40f2-6c6a-5821-9734-e64716a4a227,F,18,21,ASIAN,3.08,3.08,3.23,3.14,,,Yes,,4th Year
c675456a-a339-57b2-bde6-0c1bf33abedf,M,18,21,CAUCASN,3.58,3.58,3.58,3.58,,,,,4th Year
c6abf228-01d2-538f-9f1f-404c8c9a4eaf,M,18,21,ASIAN,3.15,3.15,3.15,3.15,,,,,4th Year
c6f9a3c2-493e-54c6-bd30-61dbecc06346,M,18,21,CAUCASN,2.88,3.02,3.13,3.12,,,Yes,,4th Year
c7463601-3c75-5265-8fd6-04005004ea40,F,18,21,HISPANIC LATINO AMER,3.64,3.49,3.49,3.64,,,,,4th Year
c75db92d-5348-5c07-ab05-f0e6bc0a57cc,M,18,21,CAUCASN,2.96,3.03,3.18,3.06,,,Yes,,4th Year
c7b84ab7-996c-58c3-be36-c0fbda1b5056,M,18,21,ASIAN,2.61,2.43,2.46,3.03,,,,,4th Year
c8478454-5f8b-52ce-8522-7832e8b14a11,M,18,21,ASIAN,3.49,3.49,3.49,3.49,,,Yes,,4th Year
c908c352-fe34-5c1d-b74e-177ae762723b,M,18,21,CAUCASN,3.28,3.28,3.28,3.28,,,Yes,,4th Year
c99bea0a-6ff0-5ed3-901b-0370e6f7f812,F,18,21,CAUCASN,3.41,3.25,3.25,3.41,,,,,4th Year
c9c0bd5d-d281-5714-b486-eb156d6fe5da,M,18,21,ASIAN,3.41,3.26,3.26,3.41,,,,,4th Year
c9e5fe6b-c5cd-585e-97eb-cf965d891717,M,18,21,ASIAN,3.75,3.75,3.75,3.39,,Yes,,,4th Year
c9f1e573-9348-58bc-9374-57e8e02e2796,F,18,21,HISPANIC LATINO AMER,3.3,3.3,3.3,3.3,,,Yes,,4th Year
caa80b85-d6e5-5ec9-ba35-c2a58c6f2227,M,18,21,ASIAN,3.49,3.49,3.49,3.49,,Yes,Yes,,4th Year
cafd7c54-a060-5c25-98ed-d7c3abb64040,M,18,21,HISPANIC LATINO AMER,3.64,3.5,3.5,3.64,,Yes,,,4th Year
cb1bdb50-5bcf-5f00-bb96-db15f3619740,F,18,21,CAUCASN,3.5,3.5,3.5,3.5,,Yes,Yes,,4th Year
cb3bfc71-76b2-50da-b4ef-30f09c33db7f,M,18,21,ASIAN,3.55,3.42,3.42,3.55,,Yes,,,4th Year
cb3fff04-2b69-5ad2-b144-ce017ae372cb,F,18,21,ASIAN,2.79,2.77,2.77,3.04,,,,,4th Year
cba80a11-407e-5fd9-9f2a-e723d7b14085,F,18,21,HISPANIC LATINO AMER,3,3,3,3.22,,Yes,,,4th Year
cbb32def-0bb8-5faf-9256-77c515a8c027,M,18,21,ASIAN,3.36,3.36,3.36,3.36,,Yes,Yes,,4th Year
cc42d5ac-a951-5576-9d3e-596a213ea670,F,18,21,CAUCASN,3.59,3.59,3.59,3.59,,Yes,,,4th Year
ccaa8306-da1f-577f-a071-56cfbb9fa264,M,18,21,ASIAN,3.33,3.33,3.33,3.33,,Yes,,,4th Year
ccd48e3a-0439-5a8a-a60f-e9f63352ad82,F,18,21,CAUCASN,3.28,3.28,3.28,3.28,,Yes,Yes,,4th Year
cd977b79-5f42-5657-96c9-7babbefd8a7c,M,18,21,HISPANIC LATINO AMER,3.39,3.4,3.4,3.39,,,,,4th Year
cd97dcf2-3484-5a33-b6b8-b07878c65811,M,18,21,HISPANIC LATINO AMER,3.36,3.36,3.36,3.36,,Yes,Yes,,4th Year
cdc1e80b-d428-5239-a934-c4e6a1f96443,M,18,21,ASIAN,3.12,3.12,3.12,3.23,,Yes,,,4th Year
cde212b7-92f4-509a-b914-3d8d615f1cbe,M,18,21,HISPANIC LATINO AMER,3.75,3.5,3.5,3.4,,Yes,,,4th Year
ce24cfed-bf7c-5ddc-b47f-91d896c3118e,M,18,21,ASIAN,3.06,3.06,3.06,3.06,,Yes,Yes,,4th Year
ce4bbe21-742f-5b07-a08f-05cae815d4da,M,18,21,CAUCASN,2.76,2.76,3.18,3.25,,Yes,Yes,,4th Year
cebf6132-389b-5869-b3a1-12a3c6a5a035,M,18,21,ASIAN,2.97,2.97,3.01,3.16,,Yes,Yes,,4th Year
ced76a1a-6c9e-57ec-add1-51502120dc57,M,18,21,CAUCASN,3.78,3.62,3.62,3.52,,Yes,Yes,,4th Year
cf34a7f3-5d5e-5646-aac7-614b504130c8,M,18,21,HISPANIC LATINO AMER,3.5,3.5,3.5,3.5,,,Yes,,4th Year
cf9f8b09-812e-515e-80ac-af6b66fdf65f,M,18,21,CAUCASN,2.8,2.8,2.8,3.04,,,Yes,,4th Year
cffc65f4-8a18-50fb-b0fb-3801ad06ad15,M,18,21,ASIAN,3.78,3.63,3.63,3.53,,,Yes,,4th Year
d00393ae-453f-50d8-ad2d-2a0c1d5caf2e,M,18,21,CAUCASN,3.36,3.36,3.36,3.36,,,,,4th Year
d1063ecc-f6b4-5e66-b127-418e53ebbb47,M,18,21,CAUCASN,3.42,3.36,3.36,3.42,,,Yes,,4th Year
d11784c7-eda9-5fb1-ab50-10892857797e,M,18,21,CAUCASN,2.89,3.06,3.06,3.26,,,Yes,,4th Year
d151ff2c-d9ae-5873-aaec-8197974ffd73,M,18,21,HISPANIC LATINO AMER,3.2,3.2,3.2,3.24,,,,,4th Year
d15656da-53c9-5540-910f-6e3b78081be8,M,18,21,HISPANIC LATINO AMER,3.28,3.28,3.28,3.28,,,,,4th Year
d19ef678-8bbd-5d9f-93ee-47543c2efea1,M,18,21,CAUCASN,3.34,3.02,3.15,3.34,,,Yes,,4th Year
d1d5c6ba-a96a-57e7-9bdf-55e8d33d66a2,M,18,21,HISPANIC LATINO AMER,3.49,3.49,3.49,3.49,,,Yes,,4th Year
d2040451-91c2-5019-8a98-74ab3a067bba,M,18,21,CAUCASN,3.06,3.06,3.1,3.06,,,Yes,,4th Year
d214ee37-75b6-544b-b021-0cad79176e5f,M,18,21,ASIAN,2.67,2.67,3.12,3.07,,Yes,,,4th Year
d247bbe6-139c-5153-bb26-b8ca32bd8107,M,18,21,ASIAN,2.62,2.49,3.12,3.03,,Yes,,,4th Year
d27f3709-248f-514e-b3cf-70144ec16e3f,F,18,21,HISPANIC LATINO AMER,3.42,3.37,3.37,3.42,,Yes,Yes,,4th Year
d28033ba-1e41-588b-9d40-f34c6e90828f,M,18,21,HISPANIC LATINO AMER,3.65,3.65,3.65,3.65,,Yes,Yes,,4th Year
d36be64c-4635-50c8-b4f1-d05fbaa83298,M,18,21,CAUCASN,3.05,2.76,3.2,3.05,,Yes,,,4th Year
d36d5e0b-4845-5ecd-8211-0464ada3bd85,M,18,21,CAUCASN,3.88,3.71,3.71,3.88,,Yes,Yes,,4th Year
d423659b-5adc-5354-b9b1-eaa5bb3b4ffe,F,18,21,ASIAN,3.09,3.09,3.14,3.14,,Yes,Yes,,4th Year
d4446224-db42-53cb-a8d1-0b96dd6d8645,M,18,21,CAUCASN,3.94,3.83,3.83,3.94,,Yes,,,4th Year
d44e8d06-413f-5ec3-832f-91a669e9cb40,F,18,21,ASIAN,3.21,3.21,3.21,3.24,,,,,4th Year
d49daba1-f01d-52cb-917a-28e17c55cd96,M,18,21,ASIAN,3.54,3.54,3.54,3.54,,Yes,,,4th Year
d4a31ea6-69ec-56b8-8087-9f7fb8537034,M,18,21,ASIAN,2.63,2.59,3.14,3.03,,Yes,,,4th Year
d4b59eb4-8dbe-58ec-b813-2e7289490d51,F,18,21,AFRO-AM,3.2,3.2,3.2,3.2,,Yes,,,4th Year
d4ded3ad-418a-5ffb-92ec-b8123b4d4232,M,18,21,CAUCASN,2.44,2.53,3.14,3.02,,Yes,,,4th Year
d5c5a293-f6e7-5cc1-ba26-147cad0984ae,M,18,21,CAUCASN,2.95,2.95,3.15,3.08,,Yes,,,4th Year
d5cc517b-c7ac-50e7-b15a-490b30a28a65,M,18,21,CAUCASN,3.66,3.66,3.66,3.66,,Yes,Yes,,4th Year
d6210507-30d4-5c56-bb9f-7c528e89aea7,M,18,21,CAUCASN,3.3,3.3,3.3,3.3,,Yes,,,4th Year
d6acd24f-42bd-5c8f-a726-b91907996199,M,18,21,CAUCASN,3,3,3.27,3,,Yes,,,4th Year
d6e0e823-05e8-5ef2-920e-caa660259bd1,M,18,21,HISPANIC LATINO AMER,3.66,3.66,3.66,3.66,,Yes,Yes,,4th Year
d6fddbb4-ff3a-57ea-8708-c44101a7a446,M,18,21,ASIAN,3.6,3.6,3.6,3.6,,Yes,,,4th Year
d79effd8-18f1-55aa-8e41-a86b741e739a,M,18,21,HISPANIC LATINO AMER,3.16,3.16,3.16,3.16,,Yes,,,4th Year
d82fd528-4f95-592f-b6c6-b8abb5c97b9b,M,18,21,HISPANIC LATINO AMER,3.17,3.17,3.17,3.17,,Yes,Yes,,4th Year
d930c56d-1503-5f2d-8633-ffed7f9be286,F,18,21,CAUCASN,3.93,3.82,3.82,3.74,,Yes,,,4th Year
d966a52e-b45a-52e5-a839-77cd5897b616,M,18,21,ASIAN,3.67,3.41,3.41,3.67,,,Yes,,4th Year
d9b5b1cb-088a-55b1-8526-a8c85afc6a82,M,18,21,ASIAN,3.51,3.37,3.37,3.51,,,,,4th Year
d9d3af38-4e38-537a-b1d7-20c7f082728c,M,18,21,ASIAN,3.51,3.38,3.38,3.51,,,,,4th Year
da1acfaf-c037-5afa-8212-784ea1268ead,M,18,21,CAUCASN,3.08,3.08,3.21,3.08,,,,,4th Year
da483a43-a845-5e73-8e87-ed59b7c4a7e2,M,18,21,ASIAN,3.66,3.66,3.66,3.66,,Yes,Yes,,4th Year
dad036ea-17a4-58ba-9a7c-1cd69ce5e060,M,18,21,HAW/PAC,3.15,3.15,3.15,3.15,,,,,4th Year
dad54616-a8e9-5ec7-8b14-c16a75e9cafd,F,18,21,CAUCASN,3.01,2.62,2.63,3.22,,,,,4th Year
db11d6e9-9ba4-5681-966b-4584dc5ed0bd,F,18,21,HISPANIC LATINO AMER,4,4,4,3.94,,,,,4th Year
db496733-e003-5ac8-b1f1-ab28f5d8ee49,M,18,21,ASIAN,3,3,3,3,,Yes,Yes,,4th Year
db5e0dd5-234a-5784-9d07-c03696c7dd46,M,18,21,CAUCASN,2.77,2.77,3.02,3.11,,Yes,,,4th Year
db7a2bd9-d168-5ea6-858a-8fa538a5daee,M,18,21,HISPANIC LATINO AMER,3.16,3.16,3.16,3.16,,Yes,,,4th Year
dbf4ff49-1caa-5206-bdaa-312ed7322995,M,18,21,CAUCASN,3.55,3.43,3.43,3.55,,Yes,,,4th Year
dc357aaf-b88d-59a3-a9a4-71deeceb09ce,M,18,21,ASIAN,2.64,2.66,3.13,3.03,,Yes,,,4th Year
dc4be821-9e33-5576-8de6-920230346d56,M,18,21,CAUCASN,3.29,3.29,3.29,3.29,,,,,4th Year
dcd94427-2f16-59f6-b870-958c36eaf91b,M,18,21,ASIAN,3.3,3.3,3.3,3.3,,,,,4th Year
dd4856aa-49b7-5ac7-810f-ef4ae6648d88,M,18,21,ASIAN,3.31,3.31,3.31,3.31,,Yes,,,4th Year
dd807cb7-9466-548f-b37c-01ff57832d77,F,18,21,HISPANIC LATINO AMER,4,4,4,4,,Yes,,,4th Year
ddcf411b-c161-535b-befd-1a0443364145,F,18,21,HISPANIC LATINO AMER,3.09,3.09,3.01,3.09,,Yes,,,4th Year
ddedafdf-cd7c-5cfc-b044-d46a7c822e84,M,18,21,CAUCASN,3.67,3.42,3.42,3.67,,Yes,Yes,,4th Year
de088ff3-d4e9-507b-85e3-e8b345f29dcb,M,18,21,HISPANIC LATINO AMER,3.52,3.45,3.45,3.52,,Yes,,,4th Year
de1f390e-7647-59fb-bff5-e1aa17e4d97d,M,18,21,ASIAN,3,3,3,3,,Yes,,,4th Year
de37a2d1-a3b8-59b8-8814-21c89dffdc6f,M,18,21,ASIAN,3.56,3.54,3.54,3.56,,Yes,,,4th Year
de45b757-1a17-5005-9b0c-3efc9374a60b,F,18,21,HAW/PAC,3.22,3.22,3.22,3.24,,Yes,,,4th Year
debf3550-692a-594a-9bf4-31cbb9b8b4f2,F,18,21,ASIAN,3.41,3.27,3.27,3.41,,,,,4th Year
df5af209-f213-53f8-80b8-b601e5bbdd70,M,18,21,HISPANIC LATINO AMER,2.96,3.04,3.21,3.07,,Yes,Yes,,4th Year
dfa33882-8e09-539d-930a-94b16f377467,M,18,21,CAUCASN,3,3,3,3,,Yes,Yes,,4th Year
e09b0da0-af9f-5742-bbfa-a3ab7b2fe26e,M,18,21,ASIAN,3.19,3.19,3.08,3.19,,Yes,Yes,,4th Year
e0bead93-170b-502d-b5fe-1a57bc9dc59c,M,18,21,ASIAN,3.6,3.6,3.6,3.6,,Yes,,,4th Year
e0f1c141-44cd-5297-a6a7-eb266f9db737,M,18,21,HISPANIC LATINO AMER,3.13,3.13,3.13,3.23,,Yes,,,4th Year
e108a853-5c4c-5558-affa-bd32ff8934ea,M,18,21,HISPANIC LATINO AMER,3.68,3.48,3.48,3.68,,Yes,Yes,,4th Year
e1c85b7c-b0c7-581b-b308-69e0515465da,M,18,21,HISPANIC LATINO AMER,3.65,3.65,3.65,3.65,,,Yes,,4th Year
e29868c2-a9d3-5d10-8ec2-396f34d876e0,M,18,21,CAUCASN,3.55,3.44,3.44,3.55,,,,,4th Year
e30e7580-dbee-57fa-9308-e9af365d9fee,M,18,21,HISPANIC LATINO AMER,3.32,3.32,3.32,3.32,,,,,4th Year
e3432903-755b-5750-bd87-2312b3619098,M,18,21,ASIAN,3.34,3.03,3.19,3.34,,,,,4th Year
e387cc28-03ed-5d9a-870a-5a87a2352b19,M,18,21,ASIAN,3.61,3.61,3.61,3.61,,,Yes,,4th Year
e41b18f7-85db-5534-82c8-9412a476d495,M,18,21,ASIAN,3.23,3.23,3.23,3.24,,,,,4th Year
e470b975-5303-501b-bf3a-9ad64ec88e04,M,18,21,ASIAN,3.45,3.34,3.34,3.45,,,Yes,,4th Year
e4879361-6c07-5e49-90dc-ad3d19b90395,M,18,21,HISPANIC LATINO AMER,3.2,3.2,3.2,3.2,,,,,4th Year
e49529ba-46d3-532e-8add-48f84fc6ea06,M,18,21,ASIAN,3.18,3.18,2.84,3.18,,,Yes,,4th Year
e4b7d424-98dc-5909-bb35-0c82e5a83e5c,F,18,21,CAUCASN,3.42,3.38,3.38,3.42,,,Yes,,4th Year
e52813d7-6871-59f2-bfb5-018620594fb4,M,18,21,ASIAN,4,4,4,4,,,,,4th Year
e55d9102-bee3-5d3c-82aa-d444492bcae6,M,18,21,HISPANIC LATINO AMER,3.33,3.33,3.33,3.33,,,,,4th Year
e57c5d37-2180-5cd8-b9ca-b668173b2980,M,18,21,CAUCASN,3.45,3.35,3.35,3.45,,,Yes,,4th Year
e587f0e7-7add-5b1f-a58e-5c63b5395442,F,18,21,ASIAN,3.56,3.55,3.55,3.56,,,,,4th Year
e6691aec-7f03-5d4d-ac45-c35609e8b57a,F,18,21,ASIAN,2.81,2.81,3,3.04,,,Yes,,4th Year
e66b137b-fa6d-57b1-8391-00a05f44c957,M,18,21,ASIAN,3.34,3.04,3.22,3.34,,,,,4th Year
e6b613c9-48e6-52ea-ab21-504b9714ee18,M,18,21,HISPANIC LATINO AMER,3.69,3.51,3.51,3.69,,,Yes,,4th Year
e74bf694-1e53-5719-bcfa-473921d4b2b2,M,18,21,ASIAN,3.95,3.84,3.84,3.92,,,,,4th Year
e7594c4f-47b1-5173-8b5a-8dfd7f8ad837,M,18,21,ASIAN,3.02,2.67,2.89,3.22,,,,,4th Year
e75b8cfb-d75f-5ef2-bbe2-8fc9f034ba02,M,18,21,ASIAN,3.06,3.06,3.11,3.06,,,Yes,,4th Year
e77d5fd6-4436-564a-8e41-b4c5ce709a84,M,18,21,CAUCASN,3.54,3.54,3.54,3.54,,,,,4th Year
e7ba45cb-30df-52d6-9cb5-7718f187df5d,M,18,21,CAUCASN,3.61,3.61,3.61,3.61,,,Yes,,4th Year
e82182f9-ea44-5149-bc11-42f1e76144f5,M,18,21,ASIAN,3.41,3.28,3.28,3.41,,,,,4th Year
e857734a-479c-5ada-83c4-bae018bf8cd2,F,18,21,ASIAN,3.3,3.3,3.3,3.3,,,,,4th Year
e8918cdb-fa40-50b8-9d23-5ce5caf0eedb,M,18,21,AMER-IND,3.35,3.35,3.35,3.35,,,,,4th Year
e937148e-b8a1-5487-9616-99bb9ddcd01d,F,18,21,CAUCASN,3.67,3.43,3.43,3.67,,,Yes,,4th Year
e9479e8d-8054-5271-9839-2ef525b1bbc1,M,18,21,ASIAN,2.88,3.03,3.17,3.12,,,,,4th Year
e96d7c26-4c3e-572f-b9b9-fd1df3fb3537,M,18,21,HAW/PAC,2.45,2.57,2.69,3.02,,,,,4th Year
e9885a86-8b25-5d63-b758-ef643693b918,M,18,21,HISPANIC LATINO AMER,3.1,3.1,2.97,3.14,,,Yes,,4th Year
ea1424ec-7f90-587b-968d-799684001b45,M,18,21,CAUCASN,3.15,3.15,3.15,3.15,,,,,4th Year
ea2dc6b7-cad5-5802-bd37-c5c890a0bfc4,M,18,21,ASIAN,2.78,2.65,2.65,3.01,,,,,4th Year
ea77f491-0b7a-5050-b0ac-b5ae46c7d67e,M,18,21,CAUCASN,3,3,3,3,,,Yes,,4th Year
ea7e0aad-972f-59ab-9039-e5d5e29affb7,M,18,21,CAUCASN,3.17,3.17,3.17,3.17,,,Yes,,4th Year
eafffe13-f722-50af-908e-c965da0b489a,M,18,21,AFRO-AM,3.39,3.42,3.42,3.39,,,,,4th Year
eb0fe2f5-6868-50f3-8090-5c217d141cb9,M,18,21,ASIAN,3,3,3,3,,,,,4th Year
eb45c7c8-6f20-516b-8230-4fa04776eb54,F,18,21,HISPANIC LATINO AMER,3,3,3,3,,,Yes,,4th Year
eb9e8e28-fd08-5056-873f-c029a715689c,M,18,21,CAUCASN,2.77,2.77,2.77,3.25,,,Yes,,4th Year
eba245f0-c5d3-55d6-a07f-8122b04426c0,F,18,21,ASIAN,3.81,3.69,3.69,3.59,,,Yes,,4th Year
ebd53766-1188-567b-a5ef-214d713030e8,F,18,21,HISPANIC LATINO AMER,3.4,3.4,3.4,3.4,,,,,4th Year
eca8f801-6ca7-5268-b473-3afc55060ae2,M,18,21,HISPANIC LATINO AMER,3.09,3.09,3.18,3.09,,Yes,,,4th Year
eccc3e5b-986f-5eb5-9eef-28e3a5cded74,M,18,21,ASIAN,4,4,4,4,,,,,4th Year
ecd205fe-b3f8-583e-8648-386c06d4fbe2,F,18,21,HISPANIC LATINO AMER,3.49,3.49,3.49,3.49,,,Yes,,4th Year
ecedc045-474f-524c-be11-22516071f801,M,18,21,ASIAN,2.88,3.04,3.2,3.12,,,Yes,,4th Year
ed0c1d17-ace4-59d5-b327-98eb13982215,F,18,21,AFRO-AM,3.49,3.49,3.49,3.49,,,Yes,,4th Year
ed6d6189-4130-5442-a8d8-d768c2785000,M,18,21,HISPANIC LATINO AMER,3,3,3,3,,,Yes,,4th Year
eda6b6f4-b5f9-524c-9108-1452ccca87f0,M,18,21,HISPANIC LATINO AMER,3.34,3.05,3.05,3.34,,,,,4th Year
edbc0799-25ae-595f-8b41-181ca9730013,M,18,21,CAUCASN,2.76,2.76,2.76,3.04,,,Yes,,4th Year
edcea6bb-ca9f-58bd-b4aa-226d74b34166,M,18,21,ASIAN,3.03,2.69,3.18,3.22,,Yes,,,4th Year
ede8e033-d77b-58fd-9aad-c44887fdafd1,F,18,21,ASIAN,3.36,3.36,3.36,3.36,,,,,4th Year
ee086f64-5991-5a20-aaa9-bc296a7ac1da,M,18,21,CAUCASN,3.33,3.33,3.33,3.33,,,,,4th Year
ee15b5d9-61fc-519d-82b8-a6a3957ee4d2,M,18,21,AMER-IND,3.05,2.77,2.77,3.05,,,,,4th Year
ee1b6866-1c1e-5432-ac84-41547758e3d0,M,18,21,ASIAN,3.57,3.57,3.57,3.57,,,,,4th Year
ee2f4736-9a22-5e63-978a-5c06e42abff5,M,18,21,ASIAN,3.66,3.66,3.66,3.66,,,Yes,,4th Year
ee850e87-11c3-5d60-800b-1999caf1c233,M,18,21,CAUCASN,3.67,3.44,3.44,3.67,,,Yes,,4th Year
f0302c32-e2c3-54a9-84dc-11b1d106df60,M,18,21,HISPANIC LATINO AMER,3.24,3.24,3.24,3.24,,,,,4th Year
f0dd528e-35d4-5c2a-9846-8f53f7c4a2cd,M,18,21,ASIAN,3.33,3.33,3.33,3.33,,Yes,Yes,,4th Year
f1381b29-006d-5ec4-84ca-ba90c9d69657,F,18,21,ASIAN,3.68,3.49,3.49,3.68,,,Yes,,4th Year
f17f6e19-e773-5496-a81e-d471b680c138,M,18,21,CAUCASN,3.11,3.11,3.07,3.11,,,Yes,,4th Year
f1d4dfe5-8240-5f84-9390-efd8f1b52c68,M,18,21,HISPANIC LATINO AMER,3.53,3.54,3.54,3.53,,,,,4th Year
f1e245c3-0285-5052-afd8-c94d26be34c6,M,18,21,ASIAN,3.43,3.43,3.43,3.43,,,Yes,,4th Year
f25c41c2-7ad6-5600-b681-0cb806c531e3,M,18,21,CAUCASN,2.65,2.76,3.08,3.03,,Yes,,,4th Year
f27b70de-5953-5f75-94dc-f9224286c341,M,18,21,ASIAN,3.44,3.27,3.27,3.44,,,Yes,,4th Year
f27d1c0b-4ee8-5b0c-b546-c0f75bbfbeaa,F,18,21,CAUCASN,2.69,2.69,2.69,3.07,,,,,4th Year
f3692280-db78-56ba-b11a-5792facf2bd2,M,18,21,ASIAN,2.9,2.9,2.9,3.26,,,Yes,,4th Year
f369b485-9ad3-5f8b-85b3-f9cff98c2423,M,18,21,AFRO-AM,3.41,3.29,3.29,3.41,,Yes,,,4th Year
f59a9ee9-d389-5c3d-935f-45b378e04800,F,18,21,HISPANIC LATINO AMER,2.97,2.97,3.02,3.17,,,,,4th Year
f5ef748b-cf81-531b-8c85-e4d9e70a7f76,M,18,21,ASIAN,3.06,3.06,3.12,3.06,,Yes,Yes,,4th Year
f624986a-b23e-5c39-9738-b7f00e9d4d04,M,18,21,HISPANIC LATINO AMER,3.4,3.4,3.4,3.4,,,,,4th Year
f651d933-8822-5d16-8458-3c9a407ac0b7,F,18,21,ASIAN,3.69,3.52,3.52,3.69,,Yes,Yes,,4th Year
f654936b-3d4d-5625-80cf-45f71dd3c776,M,18,21,HISPANIC LATINO AMER,3.4,3.4,3.4,3.4,,,,,4th Year
f69a7c71-9e37-54e9-9390-7f7dae969c06,M,18,21,ASIAN,3.33,3.33,3.33,3.33,,,Yes,,4th Year
f6cd3945-1183-5d82-a3eb-b5253781577d,M,18,21,CAUCASN,3.78,3.64,3.64,3.54,,Yes,Yes,,4th Year
f6feb1d9-10bf-5a83-b2ef-1cf871a7212e,M,18,21,HISPANIC LATINO AMER,3.05,2.78,2.78,3.05,,,Yes,,4th Year
f71a5431-95d5-5bee-a4ac-20acfba7cb59,M,18,21,HISPANIC LATINO AMER,3.62,3.32,3.32,3.62,,Yes,Yes,,4th Year
f78cb411-130b-5ee4-80f0-4e2f2a9a529b,M,18,21,ASIAN,3.41,3.3,3.3,3.41,,,,,4th Year
f7d5256c-eb1a-5d9c-9f76-f6d1200acab2,M,18,21,HISPANIC LATINO AMER,2.96,3.05,3.05,3.08,,,,,4th Year
f81f2c0f-c425-5cea-9b83-f4b675085cdf,M,18,21,HISPANIC LATINO AMER,3.42,3.39,3.39,3.42,,,Yes,,4th Year
f8386aa9-a450-566f-b733-4aa60d4d75de,F,18,21,ASIAN,3.01,3.01,3.01,3.27,,Yes,,,4th Year
f87e2160-5d3f-547a-bc44-c8e7202b7c90,F,18,21,ASIAN,3.04,2.71,3.14,3.22,,Yes,,,4th Year
f8ec8681-dc3b-50d7-9d66-8cf82bd81cb1,M,18,21,ASIAN,3.43,3.43,3.43,3.43,,Yes,Yes,,4th Year
f9690eac-23bf-5d84-bb89-eda6816e8c39,M,18,21,CAUCASN,3.57,3.57,3.57,3.57,,,,,4th Year
f9d0de44-9800-5a3f-ba94-fdafab18f6b7,M,18,21,HISPANIC LATINO AMER,3.43,3.2,3.2,3.43,,,Yes,,4th Year
f9f99fa2-1347-53d8-8c96-50fdaf818051,M,18,21,ASIAN,3.58,3.58,3.58,3.58,,,,,4th Year
fa555941-bf1c-5f0e-a068-71e5d90865f4,M,18,21,CAUCASN,3.06,3.06,3.13,3.06,,,Yes,,4th Year
faf2c7ee-94cc-57e8-baa5-0198dec04ca9,M,18,21,ASIAN,3.55,3.45,3.45,3.55,,,,,4th Year
fb1c7494-248b-500d-9e3b-68d4e4563b07,F,18,21,CAUCASN,2.96,3.06,3.06,3.09,,Yes,,,4th Year
fb8350c8-5983-547f-bd06-fcf3ae862925,M,18,21,AMER-IND,3.38,3.16,3.16,3.38,,,,,4th Year
fc616440-f185-5ee9-a379-9de0cf08ee0a,M,18,21,HISPANIC LATINO AMER,3.14,3.14,3.14,3.23,,Yes,,,4th Year
fcc30793-2c05-5d16-99cd-84437aa64c0b,M,18,21,CAUCASN,3.15,3.15,3.15,3.23,,Yes,,,4th Year
fd475195-3b06-5f36-8540-1bdd9ff83f49,F,18,21,ASIAN,2.76,2.76,3.03,3.05,,Yes,Yes,,4th Year
fd9d2a73-bb5c-53cd-baee-f764ba5f703d,M,18,21,ASIAN,2.78,2.66,3.01,3.25,,Yes,Yes,,4th Year
fe4d3dcb-6e82-541c-b526-9439dbd87ba1,M,18,21,HISPANIC LATINO AMER,3.62,3.33,3.33,3.62,,Yes,Yes,,4th Year
fe996281-fe9e-54c3-8d72-e7a35ce9a4c8,M,18,21,ASIAN,2.71,2.71,3.08,3.07,,Yes,,,4th Year
fecabad1-751b-5971-a5d9-196902ada9f0,F,18,21,ASIAN,3.31,3.31,3.31,3.31,,Yes,Yes,,4th Year
fef6f1cc-0ace-5277-b227-588562539e32,M,18,21,ASIAN,3.52,3.46,3.46,3.52,,Yes,,,4th Year
ff0da596-b76a-50e6-9b6c-214b6ba3eca2,F,18,21,ASIAN,2.79,2.75,3.08,3.25,,Yes,Yes,,4th Year
ff309171-e96e-556d-9c66-ba0b0b4d37af,M,18,21,ASIAN,3.25,3.25,3.25,3.24,,Yes,,,4th Year
ff496aab-8161-58fd-b7d7-24bd92b0de1a,F,18,21,ASIAN,3.01,3.01,3.01,3.01,,Yes,,,4th Year
ff782ff9-d8fd-5a4a-ba8b-479e5a8735ee,F,18,21,CAUCASN,3.63,3.42,3.42,3.63,,Yes,,,4th Year
ffaa2ecf-bb13-500b-be32-2275223234f6,M,18,21,HAW/PAC,3.61,3.61,3.61,3.61,,Yes,,,4th Year
ffdf617b-1e79-52bd-ae26-79ab87eb6feb,M,18,21,AFRO-AM,3.08,3.08,3.22,3.08,,Yes,,,4th Year
02cfd3a0-4afa-50b6-8d62-17b7b57ce09a,M,18,22,CAUCASN,2.75,2.75,3.08,2.75,3.12,,,,5th Year
06407631-1495-5401-9be0-35bdbcd4504f,F,18,22,CAUCASN,2.9,2.9,2.9,2.9,3.16,,,,5th Year
09043a61-6f6e-5468-9476-d1fcec77412d,M,18,22,ASIAN,2.78,2.78,2.78,2.78,3.2,,,,5th Year
097034bc-8565-5986-9490-044497b97dc6,M,18,22,HISPANIC LATINO AMER,2.9,2.9,2.9,2.9,3.17,,,,5th Year
09c62f8a-6fbe-53b0-a8eb-0b665bf0dd0c,M,18,22,HISPANIC LATINO AMER,2.91,2.91,2.91,2.91,3.23,,,,5th Year
0c1bf6d7-50d3-5cd7-bce8-52b66a898045,F,18,22,ASIAN,2.94,2.94,3,2.94,3.03,,,Yes,5th Year
0e1deb3a-0efd-5f50-bff8-7271e09ad70f,F,18,22,CAUCASN,2.73,2.73,2.97,2.73,3.11,,,,5th Year
0f9420c5-51af-5802-88a3-de3bde4bf35d,M,18,22,CAUCASN,2.95,2.95,3.07,2.95,3.07,,,Yes,5th Year
10a936f7-c2dd-5b7e-beb2-7c26e7a2b424,M,18,22,ASIAN,2.52,2.76,2.76,2.52,3.03,,,Yes,5th Year
1757eefd-d1b1-584e-a52e-db82cb76f56c,M,18,22,CAUCASN,2.9,2.9,2.9,2.9,3.18,,,,5th Year
1b9052c9-a609-5b74-acd4-f1b989e7b2fd,M,18,22,CAUCASN,2.89,2.89,3.05,2.89,3.08,,,Yes,5th Year
223589bc-5778-57a1-a13f-e2afb18a7534,M,18,22,CAUCASN,2.69,2.69,3.04,2.69,3.19,,,Yes,5th Year
27094b37-65f5-59d0-9893-c8b396fbb9d4,M,18,22,ASIAN,2.68,2.68,2.92,2.68,3.09,,,,5th Year
2b716456-7f84-52aa-b13f-dc2edd104609,M,18,22,CAUCASN,2.75,2.75,3.09,2.75,3.12,,,,5th Year
2b74f6ba-0b54-54ee-a312-03ba25ce22dd,M,18,22,ASIAN,2.99,2.99,3.1,2.99,3.11,,,Yes,5th Year
2d6f2d21-3c76-52e5-b199-f7f9dd908adb,M,18,22,ASIAN,2.75,2.75,3.1,2.75,3.02,,,Yes,5th Year
3268392c-e929-5665-9fe7-56e452cfc40c,M,18,22,CAUCASN,2.51,2.71,2.71,2.51,3,,,Yes,5th Year
36099fe9-28ef-5388-a27d-fe879e112f4c,M,18,22,HISPANIC LATINO AMER,2.55,2.87,3.04,2.55,3.1,,,,5th Year
37f7d1bd-72b4-5f97-a4f6-bc626a781f39,M,18,22,HISPANIC LATINO AMER,2.89,2.89,3.05,2.89,3.09,,,Yes,5th Year
3917ec1c-b3dd-569d-ae8e-4926881c8108,M,18,22,ASIAN,2.51,2.72,3,2.51,3.01,,,Yes,5th Year
3af88f73-e763-5019-be99-15da85b6d5b9,M,18,22,CAUCASN,2.64,2.62,2.61,2.64,3.01,,,Yes,5th Year
3c0ba07c-7265-595e-ac4b-4857c4484614,M,18,22,ASIAN,2.94,2.94,3,2.94,3.04,,,Yes,5th Year
3d12ddf3-637c-5524-8c6c-38004172b72d,F,18,22,HISPANIC LATINO AMER,2.87,2.87,3.01,2.87,3.03,,,,5th Year
3db58c68-e072-5fa1-b4be-30d94f42ffac,M,18,22,CAUCASN,2.99,2.99,3.11,2.99,3.12,,,Yes,5th Year
4594053a-1955-5598-9aad-c3765a76f209,M,18,22,HISPANIC LATINO AMER,2.89,2.89,3.05,2.89,3.1,,,Yes,5th Year
47d82f7d-c0bf-5463-af41-eb597cd92329,M,18,22,AMER-IND,2.54,2.84,2.84,2.54,3.08,,,,5th Year
4945848b-5761-5064-9a62-3a6aee490426,M,18,22,HISPANIC LATINO AMER,2.73,2.73,2.98,2.73,3.13,,,,5th Year
4ac8aa78-cb47-53a8-9219-2c50bf258fba,M,18,22,HISPANIC LATINO AMER,2.75,2.75,2.75,2.75,3.04,,,Yes,5th Year
4b7f5bbd-a4a6-5d25-888b-841b24587eb4,M,18,22,HISPANIC LATINO AMER,2.91,2.91,3.12,2.91,3.24,,,,5th Year
4b9ba4af-5a3d-5593-be8d-797aec559d6a,M,18,22,ASIAN,2.67,2.67,2.79,2.67,3.08,,,,5th Year
4ba91812-1479-5f68-9ee4-f20aca643c51,M,18,22,CAUCASN,2.91,2.91,3.13,2.91,3.25,,,,5th Year
4bd2acbb-dfb7-52f4-8480-7cd12a01b1c5,M,18,22,CAUCASN,2.53,2.79,2.79,2.53,3.05,,,,5th Year
4fb8c431-d044-5297-8799-319220b5f74c,F,18,22,HISPANIC LATINO AMER,2.9,2.9,2.9,2.9,3.19,,,,5th Year
4fc4aa5c-105e-55c1-be39-26c4ae9688dc,M,18,22,CAUCASN,2.59,2.99,2.99,2.59,3.16,,,Yes,5th Year
5086c1f2-187c-52ba-a656-983b2b58816b,M,18,22,ASIAN,2.69,2.69,3.05,2.69,3.21,,,Yes,5th Year
527adbf1-c70b-5d25-8e66-db37817d5a03,M,18,22,ASIAN,2.51,2.73,3.02,2.51,3.02,,,Yes,5th Year
544ceb66-965f-5e6e-bd5c-6540e9325aa5,F,18,22,ASIAN,2.53,2.8,2.8,2.53,3.06,,,,5th Year
546799db-4cd1-55b4-9bcf-64a65ea5ae19,M,18,22,ASIAN,2.89,2.89,3.05,2.89,3.11,,,Yes,5th Year
54ab7594-3eda-58f3-be3a-d55c6179b347,M,18,22,CAUCASN,2.53,2.81,3,2.53,3.07,,,,5th Year
575a7721-aded-52a8-98a1-6923b987ca9f,M,18,22,ASIAN,2.65,2.67,2.9,2.65,3.01,,,Yes,5th Year
577dec1f-3f1b-5220-b6ab-941db5850a4a,M,18,22,CAUCASN,2.73,2.73,2.99,2.73,3.15,,,,5th Year
5782b298-29ff-5183-aea1-1f065d3cd850,M,18,22,HISPANIC LATINO AMER,2.79,2.71,2.8,2.79,3,,,,5th Year
5a1a6300-cdc3-51af-bfb4-a7121b123aee,M,18,22,HISPANIC LATINO AMER,2.74,2.91,2.91,2.74,3,,,,5th Year
5a2ed237-d81d-5891-b151-4f02b166ce70,F,18,22,ASIAN,2.6,2.6,2.6,2.6,3.18,,,Yes,5th Year
5a7b7fc1-d7c1-56b0-8d22-5d35981f54be,F,18,22,ASIAN,2.65,2.68,3.01,2.65,3.01,,,Yes,5th Year
5d3d4107-bdf8-54af-b603-ef5af1e34116,F,18,22,CAUCASN,2.99,2.99,3.12,2.99,3.13,,,Yes,5th Year
61088873-c202-5e33-85fd-184241581a08,F,18,22,ASIAN,2.94,2.94,3,2.94,3.05,,,Yes,5th Year
61d0f2d5-1e33-57a1-9623-cfcb0a35c82c,M,18,22,HISPANIC LATINO AMER,2.9,2.9,2.9,2.9,3.2,,,,5th Year
656a5d05-8fac-542b-a52d-0bdd479813f3,M,18,22,HISPANIC LATINO AMER,2.54,2.85,3.01,2.54,3.09,,,,5th Year
6777603e-0d38-5dc4-a557-c79a369d0c74,M,18,22,ASIAN,2.75,2.75,2.75,2.75,3.06,,,Yes,5th Year
67d15122-083b-530e-b63f-dceb518c917c,F,18,22,HISPANIC LATINO AMER,2.87,2.87,3.01,2.87,3.04,,,,5th Year
6865db17-dde8-51a6-8904-164972e65b8c,F,18,22,HISPANIC LATINO AMER,2.87,2.87,3.01,2.87,3.05,,,,5th Year
6a051202-3906-5bc4-b23e-1a24e71d3d16,M,18,22,HISPANIC LATINO AMER,2.9,2.9,2.9,2.9,3.21,,,,5th Year
6c5b63d0-5e4e-5f50-a3dd-cade1154d2a9,M,18,22,HISPANIC LATINO AMER,2.57,2.92,2.92,2.57,3.12,,,Yes,5th Year
6dec64f5-1f98-57e2-a4ec-eea73cb221e9,F,18,22,HISPANIC LATINO AMER,2.89,2.89,3.05,2.89,3.12,,,Yes,5th Year
6fbc2d30-4d9f-5991-9181-769f2fbcd26c,M,18,22,ASIAN,2.57,2.93,3,2.57,3.13,,,Yes,5th Year
74a55b83-9aac-5414-aceb-8984ea115b27,M,18,22,ASIAN,2.99,2.99,2.99,2.99,3.14,,,Yes,5th Year
75e34872-c228-5244-8d9e-21c481bdc6b1,M,18,22,ASIAN,2.73,2.81,3.21,2.73,3.17,Yes,,,5th Year
7816d99f-26b2-5057-a04b-c2fdf72fea0e,F,18,22,HISPANIC LATINO AMER,2.73,2.82,3,2.73,3.19,Yes,,,5th Year
7b9e0393-a7a2-5314-9810-bc95c75d31bd,F,18,22,CAUCASN,2.73,2.83,3,2.73,3.21,,,,5th Year
81da9b6b-cb70-505f-b2ae-952429439fcd,M,18,22,CAUCASN,2.74,2.92,3.19,2.74,3.12,,,,5th Year
8342c040-2597-54a5-914b-b6b0cad9483d,M,18,22,ASIAN,2.66,2.77,2.77,2.66,3.02,,,,5th Year
83484412-21ab-5261-a57c-013ef7e23736,M,18,22,CAUCASN,2.99,2.99,2.99,2.99,3.15,,,Yes,5th Year
8451cf1c-b7c7-503f-9321-3c152ca6224f,M,18,22,ASIAN,2.55,2.88,2.88,2.55,3.11,,,Yes,5th Year
87207865-c8c5-562d-bb28-75b95ff2135b,M,18,22,ASIAN,2.65,2.69,2.69,2.65,3.01,,,,5th Year
88799baa-b871-5419-8127-a8fa53089dd9,M,18,22,CAUCASN,2.75,2.75,2.75,2.75,3.08,,,Yes,5th Year
900731fd-949f-5597-96dc-88e7d3ebb66f,M,18,22,AFRO-AM,2.89,2.89,3.05,2.89,3.13,,,Yes,5th Year
901a3f53-6b71-5bb5-843b-f2a45a165f59,M,18,22,CAUCASN,2.66,2.78,2.78,2.66,3.03,,,,5th Year
9046b6b1-dfcc-50c9-bacf-401e3f1d6d8e,M,18,22,HAW/PAC,2.57,2.94,2.94,2.57,3.14,,,Yes,5th Year
90ae4120-5435-5d1b-92c4-f095a0ffc401,M,18,22,ASIAN,2.89,2.89,2.89,2.89,3.14,,,Yes,5th Year
962e39f9-bb14-5867-9371-31c96e9ec170,F,18,22,CAUCASN,2.66,2.79,2.79,2.66,3.04,,,,5th Year
97137d90-8fe1-5bac-b3d1-bd7923b3ee78,F,18,22,ASIAN,2.74,2.93,2.93,2.74,3.12,,,,5th Year
97da60bc-f424-5516-b617-ea22b527c0df,M,18,22,ASIAN,2.57,2.95,3.19,2.57,3.15,,,Yes,5th Year
9cc3e54e-8d18-50f5-98b0-cb6fc01f5769,M,18,22,ASIAN,2.66,2.8,2.8,2.66,3.05,,,,5th Year
9dac1c44-c711-5a5b-a104-5cb68b21c3ff,M,18,22,ASIAN,2.64,2.63,2.65,2.64,3.01,,,Yes,5th Year
9f32ff1c-4770-5a10-a8c7-1440cf4d8e9d,M,18,22,ASIAN,2.79,2.72,2.92,2.79,3.01,,,,5th Year
a043bf23-4c47-51e9-8cdf-551563cee31b,M,18,22,CAUCASN,2.67,2.67,2.8,2.67,3.09,,,,5th Year
a05e94c7-085e-54c8-9a43-e349080db564,M,18,22,CAUCASN,2.69,2.69,3.06,2.69,3.23,,,Yes,5th Year
a1c367b4-911f-517d-89bb-172007a9ff6c,M,18,22,HISPANIC LATINO AMER,2.59,3,3,2.59,3.17,,,Yes,5th Year
a1eeb9c7-fc5c-5885-9514-27635127e6f5,M,18,22,CAUCASN,2.65,2.7,2.7,2.65,3.01,,,,5th Year
a26584da-61d1-53a5-8169-59061c130a87,M,18,22,CAUCASN,2.67,2.67,2.81,2.67,3.1,,,,5th Year
a33811d5-3f42-52cc-a63d-279046296bf7,M,18,22,CAUCASN,2.75,2.75,2.75,2.75,3.1,,,Yes,5th Year
a5028d7f-7f06-558f-9667-dbc856b3d38c,F,18,22,HISPANIC LATINO AMER,2.72,2.72,2.86,2.72,3.01,,,,5th Year
a697a01e-b7b5-5da6-b6e4-d2f1a00e3341,M,18,22,CAUCASN,2.68,2.68,2.93,2.68,3.11,,,,5th Year
a9c517e9-8de3-553f-bca1-209472fbdae7,F,18,22,ASIAN,2.9,2.9,2.9,2.9,3.22,,,,5th Year
aac64aab-a127-5af3-9c0d-cc6c4777b563,M,18,22,HAW/PAC,2.93,2.93,2.93,2.93,3.01,,,,5th Year
ac38c36a-87da-5106-b6f2-0721ae1f5ef2,F,18,22,ASIAN,2.67,2.67,2.82,2.67,3.01,,,,5th Year
adb2cf65-da6d-51f7-9c1b-d3b72f966a68,M,18,22,ASIAN,2.68,2.68,3,2.68,3.13,,,Yes,5th Year
ae0ad9ff-c278-5232-b229-e6bf2c54d4eb,F,18,22,HISPANIC LATINO AMER,2.69,2.69,3.07,2.69,3.25,,,,5th Year
aff12dd8-dcec-5155-a27e-eb1f4177fac4,F,18,22,HISPANIC LATINO AMER,2.68,2.68,2.95,2.68,3.15,,,Yes,5th Year
b1371c88-60f5-52b3-80d8-1e825cad23c4,M,18,22,ASIAN,2.69,2.69,3.08,2.69,3.27,,,,5th Year
b6d1a11a-f3ea-5a45-937d-7b12962b70b4,F,18,22,ASIAN,2.95,2.95,3.09,2.95,3.08,Yes,,,5th Year
ba1159ce-9e4a-5e45-b563-e3d4e5e2e304,M,18,22,ASIAN,2.52,2.77,3.18,2.52,3.04,Yes,,,5th Year
bb6ba6da-6ec9-5aad-a2d0-383656eb0b8d,F,18,22,ASIAN,2.72,2.72,2.87,2.72,3.03,,,,5th Year
bb8bf91f-daf7-5a3c-89de-58571bdb5b62,F,18,22,CAUCASN,2.94,2.94,2.94,2.94,3.06,,,Yes,5th Year
bde41477-919e-5562-8e7c-4febd71c9085,M,18,22,ASIAN,2.79,2.73,3,2.79,3.02,,,,5th Year
c09d315d-e298-5674-9639-d63573a47cb8,F,18,22,HISPANIC LATINO AMER,2.93,2.93,2.93,2.93,3.02,,,,5th Year
c15054f2-63f0-521e-adc2-5a54747e9713,M,18,22,CAUCASN,2.72,2.72,3.07,2.72,3.05,Yes,,,5th Year
c1cfe759-096e-5bef-b238-612681e6e630,M,18,22,HISPANIC LATINO AMER,2.69,2.69,3.09,2.69,3.11,,,,5th Year
c21eac41-db22-5b6e-bce3-1edb8f6de445,M,18,22,ASIAN,2.63,2.57,2.7,2.63,3.01,,,,5th Year
c5730892-5301-5363-9fe8-15df9464029b,M,18,22,ASIAN,2.63,2.58,2.72,2.63,3.01,,,Yes,5th Year
c5f0ae36-122f-5830-a224-216c82c5e368,M,18,22,HISPANIC LATINO AMER,2.74,2.94,3,2.74,3.12,,,,5th Year
c7851199-fb8a-51c3-9af8-f57dd461612b,M,18,22,ASIAN,2.75,2.75,2.75,2.75,3.12,,,Yes,5th Year
cc52ae43-5191-53e3-bf23-dbdc789724b6,M,18,22,CAUCASN,2.67,2.67,3.18,2.67,3.03,Yes,,,5th Year
cefa0be8-3c70-5320-9557-7d9f4233b448,F,18,22,CAUCASN,2.69,2.69,3.1,2.69,3.12,Yes,,,5th Year
d11793fd-6c09-5e48-b9fc-f017c0873f15,F,18,22,CAUCASN,2.95,2.95,3.11,2.95,3.09,,,Yes,5th Year
d3e40bd9-1b4a-586e-a5a2-f205502c8ccd,M,18,22,ASIAN,2.87,2.87,3,2.87,3.06,,,,5th Year
d7616d56-d5ce-541c-8ea1-c44db704ed6f,M,18,22,ASIAN,2.75,2.75,2.75,2.75,3.14,,,Yes,5th Year
da9f970d-7c6b-5f0c-8db7-3b60c65eec5c,M,18,22,CAUCASN,2.66,2.66,2.71,2.66,3.06,,,,5th Year
daa73052-48a8-566a-86d6-d0f94b5c74b9,M,18,22,ASIAN,2.69,2.69,3.11,2.69,3.13,,,,5th Year
db436622-223e-5e19-9d93-391c6fb150d2,M,18,22,CAUCASN,2.67,2.67,3.01,2.67,3.05,Yes,,,5th Year
de7335bb-d076-56fe-bf40-e5702c2d1c71,M,18,22,HISPANIC LATINO AMER,2.66,2.66,3.12,2.66,3.07,Yes,,,5th Year
dfb20a07-3ed1-502c-b913-4913a9f09314,M,18,22,CAUCASN,2.74,2.95,3.03,2.74,3.12,Yes,,,5th Year
e2628b9a-517a-5c47-8b3b-46a41493105c,M,18,22,CAUCASN,2.68,2.68,2.96,2.68,3.17,,,Yes,5th Year
e45c4cb8-8164-5185-9c34-e2d641283da5,F,18,22,ASIAN,2.65,2.73,3.03,2.65,3.01,,,,5th Year
e4f3fb0a-62ee-5f85-9fc6-462bae4e2281,F,18,22,HISPANIC LATINO AMER,2.72,2.72,2.89,2.72,3.07,,,,5th Year
e84df9c0-940b-57b7-acf5-ab5af5c43a96,M,18,22,HISPANIC LATINO AMER,2.64,2.64,2.64,2.64,3.01,,,Yes,5th Year
eb057acf-4d46-5ada-a7c3-a0776c557f33,M,18,22,ASIAN,2.72,2.72,2.9,2.72,3.09,,,,5th Year
ec4cdeb0-a192-536a-a949-8b5667472c33,M,18,22,CAUCASN,2.89,2.89,2.89,2.89,3.15,,,Yes,5th Year
f1728427-3659-517f-969e-16b8bc2e7573,F,18,22,ASIAN,2.95,2.95,3.13,2.95,3.1,,,Yes,5th Year
f3f996b3-72c5-5029-98e6-989f013c13ef,F,18,22,ASIAN,2.88,3.05,3.05,2.88,3.07,,,,5th Year
f7f75fcc-2b26-543d-9f0e-3ac2103c5ce4,F,18,22,HISPANIC LATINO AMER,2.75,2.75,2.75,2.75,3.16,,,,5th Year
f865e962-e596-55f8-942f-39fbfe40902a,M,18,22,HISPANIC LATINO AMER,2.47,2.6,3.03,2.9,3.18,,,,5th Year
f9754f41-f7f2-50ac-bdb6-9118848f9c21,M,18,22,HISPANIC LATINO AMER,2.67,2.67,2.85,2.67,3.07,,,,5th Year
fd759a2f-e812-51be-8f29-16453919eb98,M,18,22,ASIAN,2.77,2.77,3.03,2.77,3.18,Yes,,,5th Year
062a251f-c6a1-56e4-a907-7977aef0e185,M,18,,CAUCASN,2.62,2.46,2.49,2.62,2.62,,,,NA
084bc7e4-125f-5ab9-90cb-264db7dfc9df,F,18,,AFRO-AM,2.51,2.7,2.7,2.51,2.51,,,,NA
0961d123-18c1-5498-8717-5b47214569ff,M,18,,ASIAN,2.78,2.6,2.54,2.78,2.78,,,,NA
12cad66f-d195-549f-aa50-706d44dab65c,M,18,,CAUCASN,2.45,2.54,2.63,2.45,2.45,,,,NA
1d90d0a9-054e-5e2f-bdc1-d9e356416322,F,18,,CAUCASN,2.62,2.47,2.5,2.62,2.62,,,,NA
1de4ee7b-89e6-5d83-bccf-4f36fd1bd811,M,18,,CAUCASN,2.63,2.51,2.58,2.63,2.63,,,,NA
3adcad2a-d370-514a-ae03-fa9fadfd99fe,M,18,,ASIAN,2.79,2.7,2.7,2.79,2.79,,,,NA
3b4a0e8e-c1d4-5e02-abd4-7668448cf9fe,M,18,,HISPANIC LATINO AMER,2.49,2.66,2.7,2.49,2.49,,,,NA
3debe140-fb7a-5b51-867e-0334ef21d350,M,18,,ASIAN,2.78,2.61,2.59,2.78,2.78,,,,NA
4000d6f7-c347-5378-b3d5-c790fb47c4ae,M,18,,HISPANIC LATINO AMER,2.45,2.55,2.65,2.45,2.45,,,,NA
40b0b57a-4a2b-5cc6-9f31-71b823771b6f,M,18,,HISPANIC LATINO AMER,2.74,2.9,2.9,2.74,2.74,,,,NA
43151174-cf04-5c96-8870-5cf9e27ffc01,M,18,,ASIAN,2.48,2.63,2.64,2.48,2.48,,,,NA
579e1661-dbe2-5173-8807-5f6dd1461500,F,18,,ASIAN,2.72,2.72,2.84,2.72,2.72,,,,NA
68e47808-1cef-51ff-9d98-5ee5d846b1f3,M,18,,HISPANIC LATINO AMER,2.48,2.64,2.64,2.48,2.48,,,,NA
69907ad6-041d-5173-a5ef-0e136cada964,M,18,,HISPANIC LATINO AMER,2.61,2.61,2.56,2.61,2.61,,,,NA
7686fcb6-ae83-5f2b-b225-43bf02480913,M,18,,HISPANIC LATINO AMER,2.72,2.72,2.78,2.72,2.72,,,,NA
78f0e1c8-0813-50f5-922c-899d39534779,M,18,,HISPANIC LATINO AMER,2.62,2.48,3.25,2.62,2.62,,,,NA
8717f84e-b4b5-5ed1-833d-75ee98439696,M,18,,HISPANIC LATINO AMER,2.6,2.6,2.6,2.6,2.6,,,,NA
89205b2d-376f-5f5f-ab57-2a6a702c7eee,F,18,,HISPANIC LATINO AMER,2.78,2.62,2.62,2.78,2.78,,,,NA
8ec766cb-e71a-5d04-9834-7b0c4ea704cf,M,18,,CAUCASN,2.6,2.6,2.5,2.6,2.6,,,,NA
948648d7-c8ae-554e-8179-41a10c52eab7,M,18,,HISPANIC LATINO AMER,2.63,2.52,2.6,2.63,2.63,,,,NA
96814640-b314-5adc-9641-cc9de905bd5d,M,18,,HISPANIC LATINO AMER,2.63,2.53,2.62,2.63,2.63,,,,NA
9873cf56-edc6-5678-844a-e895298d5d16,M,18,,HISPANIC LATINO AMER,2.99,2.99,2.99,2.99,2.99,,,,NA
9d2c70b7-ba88-5a9f-8afa-1f69b50c9c71,M,18,,CAUCASN,2.61,2.61,2.57,2.61,2.61,,,,NA
9dea7c73-8af3-5c10-8264-86bd7eaaa3f5,F,18,,ASIAN,2.78,2.63,2.66,2.78,2.78,,,,NA
9f429859-d8be-51b5-be40-8b8f140abf49,M,18,,ASIAN,2.93,2.93,2.93,2.93,2.93,,,,NA
a333da1f-9129-5a00-b3d1-9009b78c758f,M,18,,HISPANIC LATINO AMER,2.99,2.99,2.99,2.99,2.99,,,,NA
a501c9e5-2ed0-5cab-a487-947bbc70c23b,F,18,,ASIAN,2.61,2.4,2.43,2.61,2.61,,,,NA
ab21fa30-4da7-59df-98e1-0eae602eb41c,M,18,,CAUCASN,2.61,2.41,2.44,2.61,2.61,,,,NA
add3bb11-2201-5367-ae40-fbaab4d1e34a,M,18,,HISPANIC LATINO AMER,2.63,2.54,2.64,2.63,2.63,,,,NA
b22460af-ecc5-560d-96d6-790996788343,F,18,,ASIAN,2.91,2.88,2.82,2.91,2.91,,,,NA
b2ebf2c7-086a-515d-824a-1f8458286c5d,M,18,,CAUCASN,2.63,2.55,2.8,2.63,2.63,,,,NA
c033c65e-d530-5766-b7ad-5b4d4d5c6ee8,M,18,,HISPANIC LATINO AMER,2.63,2.56,2.45,2.63,2.63,,,,NA
c4ca7b7f-9176-5800-8de1-6f656f179acc,M,18,,AFRO-AM,2.43,2.51,2.57,2.43,2.43,,,,NA
c562dead-42af-519d-9ce8-d21372edcb22,M,18,,CAUCASN,2.73,2.84,2.84,2.73,2.73,,,,NA
cb70cccc-86a1-500d-b922-5de97c7c0e76,F,18,,CAUCASN,2.65,2.71,2.75,2.65,2.65,,,,NA
cd48741b-a4c3-581d-b1ab-65f29183be88,M,18,,ASIAN,2.73,2.85,2.81,2.73,2.73,,,,NA
d0fd00eb-5a01-5163-9a72-f94e7cda1646,F,18,,HISPANIC LATINO AMER,2.65,2.72,2.95,2.65,2.65,,,,NA
da3d9d8f-36d0-5314-9b8d-f0451dfafa11,M,18,,ASIAN,2.99,2.99,2.99,2.99,2.99,,,,NA
e0e72e6a-e8a6-5210-a988-0719fe07ae5a,M,18,,HISPANIC LATINO AMER,2.73,2.86,2.81,2.73,2.73,,,,NA
e2b153da-c76f-5aa9-b1dd-dfba1f88b44c,M,18,,HISPANIC LATINO AMER,2.69,2.69,3.12,2.69,2.69,,,,NA
e46e260b-1451-5d95-ba21-ff808f8ea4c3,F,18,,HISPANIC LATINO AMER,2.69,2.69,3.13,2.69,2.69,,,,NA
e9f3973f-caa9-596b-9bfb-962c92d7fe34,M,18,,ASIAN,2.45,2.56,2.67,2.45,2.45,,,,NA
f66e8cba-d178-56b4-96e6-104ca400b0af,M,18,,ASIAN,2.61,2.42,2.31,2.8,2.61,,,,NA